Archivo,SOC_INIT,SOC_END,DIF_SOC,POWER_CONSUMED,DISTANCIA,DURACION
Ride_1.csv,21.8513,22.0118,-0.1605,-80.0,0.0,0:01:34
Ride_10.csv,39.6588,39.5568,0.102,0.0,0.072,0:01:51
Ride_100.csv,53.0911,35.1072,17.9839,3920.0,17.138,0:44:39
Ride_101.csv,62.0617,53.2632,8.7985,1840.0,7.483,0:35:23
Ride_102.csv,44.0433,40.4309,3.6124,640.0,6.794,0:11:18
Ride_103.csv,51.1881,46.2612,4.9269,1040.0,10.169,0:24:22
Ride_104.csv,34.7013,33.3812,1.3201,320.0,3.972,0:09:19
Ride_105.csv,67.8934,67.6093,0.2841,0.0,3.84,0:09:04
Ride_106.csv,67.2693,50.6493,16.62,3600.0,10.334,0:50:16
Ride_107.csv,39.5877,37.4286,2.1591,400.0,5.855,0:15:29
Ride_108.csv,78.6089,78.0295,0.5794,80.0,3.798,0:08:01
Ride_109.csv,77.9486,74.4352,3.5134,720.0,2.576,0:04:22
Ride_11.csv,39.4375,39.4375,0.0,0.0,0.041,0:03:18
Ride_110.csv,74.3685,72.4102,1.9583,320.0,1.289,0:04:03
Ride_111.csv,71.7431,69.7246,2.0185,480.0,3.447,0:05:11
Ride_112.csv,61.3461,62.3583,-1.0122,-320.0,3.779,0:10:45
Ride_113.csv,62.0141,60.032,1.9821,480.0,2.769,0:44:40
Ride_114.csv,58.1902,58.1794,0.0108,0.0,0.0,0:00:13
Ride_115.csv,51.7683,50.8134,0.9549,160.0,9288.026,0:12:43
Ride_116.csv,50.7337,48.4252,2.3085,480.0,2.14,0:07:47
Ride_117.csv,48.3021,40.018,8.2841,1760.0,2.63,0:07:23
Ride_118.csv,39.7001,39.7001,0.0,0.0,0.0,0:00:02
Ride_119.csv,43.6936,44.9406,-1.247,-400.0,4.387,0:11:07
Ride_12.csv,18.8994,18.563,0.3364,80.0,0.226,0:04:31
Ride_120.csv,97.0625,69.6091,27.4534,5920.0,15.138,0:30:05
Ride_121.csv,69.312,80.1646,-10.8526,-2400.0,7.254,0:22:37
Ride_122.csv,87.4396,87.3135,0.1261,-80.0,3.871,0:10:40
Ride_123.csv,87.1774,79.245,7.9324,1600.0,3.805,0:11:10
Ride_124.csv,79.1692,78.1847,0.9845,160.0,3.846,0:11:01
Ride_125.csv,78.0747,76.3595,1.7152,320.0,3.132,0:04:02
Ride_126.csv,76.2456,73.7892,2.4564,480.0,9.995,0:13:56
Ride_127.csv,64.7764,64.3373,0.4391,160.0,0.202,0:00:28
Ride_128.csv,51.4365,53.5631,-2.1266,-560.0,3.841,0:11:35
Ride_129.csv,70.6716,71.1534,-0.4818,-240.0,3.827,0:17:59
Ride_13.csv,40.5999,37.7561,2.8438,640.0,3.327,0:07:45
Ride_130.csv,71.0193,59.0441,11.9752,2560.0,18.458,0:24:46
Ride_131.csv,58.9314,30.2152,28.7162,6320.0,20.029,0:53:59
Ride_132.csv,42.0935,42.2127,-0.1192,0.0,0.0,0:00:08
Ride_133.csv,53.7393,53.775,-0.0357,-80.0,3.899,0:12:07
Ride_134.csv,53.5993,47.6231,5.9762,1280.0,3.376,0:10:46
Ride_135.csv,78.7266,77.0735,1.6531,320.0,3.733,0:17:32
Ride_136.csv,76.7351,56.6623,20.0728,4400.0,13.635,0:53:36
Ride_137.csv,65.1902,56.1204,9.0698,1920.0,10.048,0:18:26
Ride_138.csv,34.0454,33.7004,0.345,160.0,4.827,0:18:00
Ride_139.csv,48.6768,49.4416,-0.7648,-320.0,5.26,0:17:22
Ride_14.csv,37.6308,36.1452,1.4856,320.0,1.198,0:07:10
Ride_140.csv,78.9362,73.9689,4.9673,1040.0,5.568,0:13:16
Ride_141.csv,53.7296,54.5466,-0.817,-240.0,3.794,0:13:19
Ride_142.csv,53.8019,52.8609,0.941,160.0,1.196,0:14:36
Ride_143.csv,44.1498,43.5125,0.6373,-80.0,4.465,0:16:59
Ride_144.csv,59.7657,54.0132,5.7525,1200.0,5.173,0:06:13
Ride_145.csv,52.5565,42.7633,9.7932,2320.0,9.389,0:18:33
Ride_146.csv,79.973,81.7682,-1.7952,-400.0,0.353,0:05:49
Ride_147.csv,83.4627,84.4728,-1.0101,-240.0,2.718,0:07:23
Ride_148.csv,84.3394,78.3511,5.9883,1200.0,3.805,0:08:57
Ride_149.csv,63.7203,64.9392,-1.2189,-320.0,3.807,0:12:48
Ride_15.csv,78.4498,78.4337,0.0161,0.0,0.016,0:00:09
Ride_150.csv,64.6798,56.0481,8.6317,1840.0,15.946,0:59:13
Ride_151.csv,89.9717,87.1888,2.7829,480.0,1.483,0:03:34
Ride_152.csv,72.2208,73.4677,-1.2469,-320.0,5.09,0:19:55
Ride_153.csv,97.0322,95.4434,1.5888,320.0,1.218,0:06:46
Ride_154.csv,84.5322,82.5036,2.0286,320.0,6.403,0:17:05
Ride_155.csv,81.7892,74.5083,7.2809,1520.0,4.217,0:24:40
Ride_156.csv,68.4993,70.5914,-2.0921,-480.0,3.88,0:11:24
Ride_157.csv,66.1844,65.5556,0.6288,80.0,0.927,0:04:38
Ride_158.csv,54.437,56.1295,-1.6925,-400.0,3.734,0:10:41
Ride_159.csv,55.9696,55.0666,0.903,240.0,10.482,0:07:39
Ride_16.csv,77.9109,69.984,7.9269,1760.0,3.622,0:10:35
Ride_160.csv,97.3,95.0704,2.2296,400.0,1.82,0:06:37
Ride_161.csv,94.9616,90.2915,4.6701,1040.0,13.832,0:23:01
Ride_162.csv,75.713,74.604,1.109,240.0,5.294,0:16:25
Ride_163.csv,74.4542,72.6627,1.7915,320.0,3.843,0:41:02
Ride_164.csv,72.597,71.4805,1.1165,240.0,4.959,0:09:05
Ride_165.csv,37.7672,35.4371,2.3301,560.0,4.881,0:28:02
Ride_166.csv,62.3566,55.3578,6.9988,1440.0,3.831,0:12:35
Ride_167.csv,55.1751,54.2216,0.9535,160.0,3.838,0:13:00
Ride_168.csv,54.1181,51.0824,3.0357,640.0,2.038,0:09:40
Ride_169.csv,46.1315,45.2952,0.8363,0.0,3.877,0:10:41
Ride_170.csv,87.4528,88.5735,-1.1207,-240.0,0.119,0:04:48
Ride_171.csv,91.0849,64.4571,26.6278,5760.0,44.809,1:28:27
Ride_172.csv,64.3543,52.2342,12.1201,2640.0,9.791,0:18:48
Ride_173.csv,27.4456,27.4851,-0.0395,0.0,2.443,0:05:59
Ride_174.csv,44.9576,44.6098,0.3478,-80.0,3.812,0:08:53
Ride_175.csv,59.5614,55.3727,4.1887,880.0,4.59,0:15:15
Ride_176.csv,75.0647,73.6106,1.4541,240.0,6.133,0:26:39
Ride_177.csv,73.4158,70.0507,3.3651,640.0,2.619,0:18:15
Ride_178.csv,69.9856,68.7882,1.1974,160.0,0.27,0:04:52
Ride_179.csv,68.7442,67.3869,1.3573,320.0,0.753,0:03:44
Ride_18.csv,78.9402,79.6775,-0.7373,-240.0,2.15,0:06:25
Ride_180.csv,75.3408,75.2837,0.0571,0.0,0.059,0:00:36
Ride_181.csv,75.1107,71.5956,3.5151,720.0,1.9,0:13:44
Ride_182.csv,63.6075,76.236,-12.6285,-2800.0,0.0,0:31:12
Ride_183.csv,95.1524,95.1524,0.0,0.0,0.0,0:00:00
Ride_184.csv,97.1233,95.258,1.8653,400.0,3.976,0:13:13
Ride_185.csv,95.0857,90.2419,4.8438,1120.0,12.656,0:15:14
Ride_186.csv,66.7434,67.8484,-1.105,-320.0,3.801,0:15:01
Ride_187.csv,67.6828,59.7028,7.98,1680.0,4.208,0:17:16
Ride_188.csv,51.7928,52.6624,-0.8696,-240.0,3.806,0:12:25
Ride_189.csv,52.5835,48.9328,3.6507,800.0,9.375,0:13:10
Ride_19.csv,59.3648,60.5143,-1.1495,-320.0,3.612,0:06:28
Ride_190.csv,48.2221,44.2467,3.9754,960.0,3.767,0:07:47
Ride_191.csv,44.1747,38.3397,5.835,1200.0,4.389,0:09:59
Ride_192.csv,38.245,36.511,1.734,320.0,0.759,0:02:29
Ride_193.csv,51.3966,51.0377,0.3589,0.0,3.859,0:11:17
Ride_194.csv,58.3187,51.1479,7.1708,1600.0,8.874,0:27:20
Ride_195.csv,96.9986,95.1335,1.8651,320.0,3.023,0:11:38
Ride_196.csv,78.8805,78.2389,0.6416,80.0,3.803,0:14:36
Ride_197.csv,66.3443,57.3488,8.9955,1920.0,5.147,0:17:47
Ride_198.csv,57.3023,51.1161,6.1862,1280.0,9.983,0:24:14
Ride_199.csv,97.0485,85.2579,11.7906,2560.0,31.068,0:41:46
Ride_2.csv,23.6001,24.1001,-0.5,-80.0,0.0,0:04:23
Ride_20.csv,60.2439,61.6158,-1.3719,-320.0,1.926,0:05:31
Ride_200.csv,75.7334,72.5326,3.2008,720.0,12.084,0:12:29
Ride_201.csv,37.3753,36.6547,0.7206,160.0,9284.757,0:05:21
Ride_202.csv,33.9234,34.0269,-0.1035,0.0,0.0,0:00:19
Ride_203.csv,78.9998,60.6419,18.3579,4000.0,9298.002,0:56:33
Ride_204.csv,43.5418,38.769,4.7728,1120.0,3.878,0:04:44
Ride_205.csv,78.9948,77.4962,1.4986,240.0,9292.093,0:22:19
Ride_206.csv,45.3834,45.1331,0.2503,80.0,0.126,0:04:24
Ride_207.csv,31.7679,31.7719,-0.004,0.0,0.0,0:01:49
Ride_208.csv,72.804,66.6659,6.1381,1360.0,0.0,0:06:45
Ride_209.csv,66.521,45.4208,21.1002,4640.0,0.0,1:04:56
Ride_21.csv,60.4571,58.9482,1.5089,320.0,4.172,0:06:00
Ride_210.csv,67.2929,65.41,1.8829,480.0,0.0,0:06:40
Ride_211.csv,62.2572,55.6281,6.6291,1440.0,0.0,0:05:08
Ride_212.csv,55.5439,56.6225,-1.0786,-320.0,0.0,0:12:03
Ride_213.csv,56.4868,54.1747,2.3121,480.0,0.0,0:26:13
Ride_214.csv,53.6871,54.5925,-0.9054,-240.0,0.0,0:10:02
Ride_215.csv,82.2176,77.462,4.7556,960.0,0.0,0:24:05
Ride_216.csv,96.8987,93.1905,3.7082,880.0,0.0,0:04:31
Ride_217.csv,56.4993,57.6412,-1.1419,-320.0,0.0,0:10:33
Ride_218.csv,55.9876,54.2526,1.735,320.0,0.0,0:12:17
Ride_219.csv,97.0444,96.9384,0.106,0.0,0.0,0:01:00
Ride_22.csv,58.2023,56.9003,1.302,320.0,1.095,0:03:12
Ride_220.csv,96.87,90.9791,5.8909,1280.0,0.0,0:24:31
Ride_221.csv,90.4282,88.8812,1.547,320.0,0.0,0:07:29
Ride_222.csv,77.4028,72.0409,5.3619,1120.0,0.0,0:24:57
Ride_223.csv,71.8441,66.8148,5.0293,1040.0,0.0,0:27:15
Ride_224.csv,65.8753,59.4579,6.4174,1360.0,0.0,0:16:14
Ride_225.csv,59.7285,57.9242,1.8043,320.0,0.0,0:12:29
Ride_226.csv,50.8363,44.023,6.8133,1600.0,0.0,0:26:03
Ride_227.csv,43.8763,33.6947,10.1816,2000.0,0.0,0:18:03
Ride_228.csv,33.634,33.7538,-0.1198,-160.0,0.0,0:09:18
Ride_229.csv,33.683,26.9845,6.6985,1360.0,0.0,0:09:50
Ride_23.csv,56.719,51.8881,4.8309,1040.0,5.697,0:09:22
Ride_230.csv,26.9318,27.8161,-0.8843,-240.0,0.0,0:21:37
Ride_231.csv,97.148,85.835,11.313,2400.0,0.0,0:11:18
Ride_232.csv,85.6468,84.9374,0.7094,80.0,0.0,0:11:14
Ride_233.csv,75.1687,44.3641,30.8046,6960.0,0.0,1:25:19
Ride_234.csv,97.1187,90.1437,6.975,1600.0,9.155,0:23:28
Ride_235.csv,90.1149,51.3444,38.7705,8480.0,18.372,0:59:01
Ride_236.csv,51.0106,51.61,-0.5994,-240.0,9309.637,0:29:55
Ride_237.csv,51.5616,49.042,2.5196,480.0,3.985,0:12:36
Ride_238.csv,82.9751,76.3139,6.6612,1360.0,8.307,0:43:49
Ride_239.csv,75.9462,72.5565,3.3897,720.0,1.706,0:15:48
Ride_24.csv,79.0028,78.5732,0.4296,80.0,3.873,0:14:46
Ride_240.csv,72.4264,70.7366,1.6898,400.0,2.248,0:07:24
Ride_241.csv,70.686,70.0861,0.5999,80.0,0.879,0:04:00
Ride_242.csv,61.4995,56.144,5.3555,1120.0,10.902,0:40:03
Ride_243.csv,55.995,49.1206,6.8744,1600.0,7.497,0:21:54
Ride_244.csv,48.8495,42.7117,6.1378,1440.0,12.557,0:14:04
Ride_245.csv,97.0414,94.3491,2.6923,560.0,3.905,0:11:35
Ride_246.csv,94.2671,86.781,7.4861,1520.0,3.67,0:08:26
Ride_247.csv,86.6704,85.705,0.9654,80.0,3.856,0:11:27
Ride_248.csv,85.5744,82.3399,3.2345,560.0,1.757,0:16:30
Ride_249.csv,74.5384,73.8481,0.6903,80.0,3.812,0:18:02
Ride_25.csv,78.4714,69.9904,8.481,1840.0,3.938,0:17:12
Ride_250.csv,73.8059,60.7725,13.0334,2800.0,17.893,0:42:40
Ride_251.csv,52.6718,52.3424,0.3294,80.0,3.84,0:15:25
Ride_252.csv,51.7911,49.5881,2.203,480.0,3.037,0:08:06
Ride_253.csv,97.1026,73.0152,24.0874,5360.0,30.501,0:48:02
Ride_254.csv,75.6883,75.9279,-0.2396,-80.0,0.001,0:00:32
Ride_255.csv,81.2234,81.7113,-0.4879,-80.0,0.02,0:02:22
Ride_256.csv,93.5505,92.478,1.0725,240.0,1.086,0:13:56
Ride_257.csv,92.3735,25.9798,66.3937,14480.0,33.99,0:58:40
Ride_258.csv,25.9548,41.3246,-15.3698,-3040.0,42.757,1:19:17
Ride_259.csv,48.4565,46.407,2.0495,320.0,3.129,0:08:12
Ride_26.csv,69.8701,69.8159,0.0542,0.0,3.866,0:09:22
Ride_260.csv,89.6695,72.9594,16.7101,3520.0,17.07,1:27:56
Ride_261.csv,70.2227,64.4593,5.7634,1280.0,6.048,0:32:22
Ride_262.csv,64.4373,63.2737,1.1636,160.0,2.237,0:09:31
Ride_263.csv,50.6247,45.8908,4.7339,960.0,7.461,0:48:14
Ride_264.csv,43.592,41.366,2.226,480.0,4.726,0:14:33
Ride_265.csv,52.8932,43.9104,8.9828,2000.0,10.772,0:31:11
Ride_266.csv,96.946,86.0258,10.9202,2400.0,10.832,0:32:01
Ride_267.csv,73.4751,67.4593,6.0158,1360.0,3.542,0:13:48
Ride_268.csv,46.7186,42.0476,4.671,1120.0,4.703,0:07:22
Ride_269.csv,79.3469,72.216,7.1309,1520.0,7.982,0:19:00
Ride_27.csv,63.2896,63.1606,0.129,0.0,0.809,0:07:33
Ride_270.csv,66.0494,63.6262,2.4232,480.0,3.924,0:06:23
Ride_271.csv,63.5531,61.2566,2.2965,480.0,16.513,0:18:52
Ride_272.csv,65.8226,61.6137,4.2089,880.0,6.816,0:17:03
Ride_273.csv,39.1155,29.7551,9.3604,1920.0,3.614,0:19:44
Ride_274.csv,55.9266,55.6492,0.2774,0.0,3.123,0:07:01
Ride_275.csv,46.731,41.5467,5.1843,1200.0,7.316,0:17:11
Ride_276.csv,49.353,48.9518,0.4012,80.0,0.173,0:02:49
Ride_277.csv,48.4202,47.8586,0.5616,160.0,0.361,0:02:02
Ride_278.csv,41.1394,40.0001,1.1393,240.0,0.407,0:02:12
Ride_279.csv,40.8678,38.9313,1.9365,320.0,1.834,0:10:55
Ride_28.csv,78.8127,78.0289,0.7838,160.0,3.945,0:15:04
Ride_280.csv,38.7774,34.5917,4.1857,720.0,1.871,0:04:26
Ride_281.csv,96.0988,91.7068,4.392,1040.0,4.861,0:12:08
Ride_282.csv,91.5224,91.0006,0.5218,80.0,0.429,0:01:02
Ride_283.csv,88.0693,79.9841,8.0852,1520.0,5.033,0:13:48
Ride_284.csv,72.0624,55.3441,16.7183,3520.0,17.375,0:26:36
Ride_285.csv,74.012,57.7623,16.2497,3520.0,16.754,0:18:02
Ride_286.csv,97.0161,97.0161,0.0,0.0,0.0,0:00:00
Ride_287.csv,96.4966,94.5106,1.986,480.0,4.768,0:12:16
Ride_288.csv,81.4309,82.4455,-1.0146,-160.0,2.603,0:07:31
Ride_289.csv,80.5732,73.6855,6.8877,1440.0,3.48,0:06:59
Ride_29.csv,74.7332,68.6451,6.0881,1360.0,5.142,0:09:57
Ride_290.csv,73.497,73.9064,-0.4094,-160.0,3.736,0:07:48
Ride_291.csv,73.7527,73.3075,0.4452,0.0,2.502,0:03:09
Ride_292.csv,73.0472,72.3743,0.6729,80.0,1.068,0:01:41
Ride_293.csv,55.1218,57.317,-2.1952,-480.0,3.816,0:15:02
Ride_294.csv,55.1822,55.1822,0.0,0.0,0.0,0:00:00
Ride_295.csv,47.4533,47.4362,0.0171,0.0,0.008,0:00:05
Ride_296.csv,33.8993,90.6131,-56.7138,-12160.0,5.884,0:27:40
Ride_297.csv,85.598,82.2645,3.3335,720.0,3.376,0:05:27
Ride_298.csv,96.8889,95.5863,1.3026,240.0,2.023,0:06:22
Ride_299.csv,87.0755,80.6726,6.4029,1280.0,4.487,0:14:19
Ride_3.csv,34.5592,35.7424,-1.1832,-240.0,9281.261,0:02:46
Ride_30.csv,67.8308,58.9808,8.85,2000.0,11.074,0:32:32
Ride_300.csv,80.3928,69.4437,10.9491,2320.0,6.89,0:19:57
Ride_301.csv,64.625,65.4711,-0.8461,-240.0,4.119,0:12:35
Ride_302.csv,60.8829,53.5172,7.3657,1520.0,8.665,0:20:04
Ride_303.csv,97.037,91.9489,5.0881,1120.0,5.345,0:11:07
Ride_304.csv,88.6709,81.2463,7.4246,1520.0,6.166,0:14:42
Ride_305.csv,81.0652,73.9817,7.0835,1520.0,3.521,0:09:17
Ride_306.csv,57.824,53.8615,3.9625,880.0,3.506,0:04:52
Ride_307.csv,52.827,44.9586,7.8684,1840.0,8.681,0:23:25
Ride_308.csv,96.9535,91.3083,5.6452,1200.0,8.578,0:20:27
Ride_309.csv,77.5878,74.0531,3.5347,720.0,14.303,0:23:55
Ride_31.csv,48.002,49.3264,-1.3244,-320.0,4.662,0:14:25
Ride_310.csv,82.1761,79.7768,2.3993,480.0,1.542,0:05:16
Ride_311.csv,76.6085,76.4731,0.1354,0.0,0.0,0:00:50
Ride_312.csv,42.6706,42.6126,0.058,-80.0,3.203,0:09:21
Ride_313.csv,42.1323,42.0999,0.0324,0.0,0.012,0:00:05
Ride_314.csv,41.5269,40.7103,0.8166,160.0,0.176,0:02:29
Ride_315.csv,39.9651,39.9696,-0.0045,0.0,0.072,0:00:28
Ride_316.csv,96.6859,95.8001,0.8858,160.0,2.339,0:05:07
Ride_317.csv,89.3467,89.6684,-0.3217,0.0,1.8,0:05:25
Ride_318.csv,89.5695,74.6707,14.8988,3040.0,15.29,0:41:02
Ride_319.csv,68.9308,70.5738,-1.643,-320.0,2.851,0:04:53
Ride_32.csv,49.3026,48.8659,0.4367,80.0,0.62,0:02:58
Ride_320.csv,65.8195,64.1148,1.7047,400.0,2.837,0:05:01
Ride_321.csv,63.7089,59.6001,4.1088,880.0,5.103,0:12:15
Ride_322.csv,59.4675,59.5188,-0.0513,0.0,0.739,0:03:09
Ride_323.csv,54.6818,56.5411,-1.8593,-400.0,2.113,0:04:04
Ride_324.csv,55.6429,55.3738,0.2691,80.0,0.268,0:00:42
Ride_325.csv,97.0001,90.1271,6.873,1440.0,9.859,0:18:47
Ride_326.csv,88.3726,84.0667,4.3059,880.0,2.562,0:03:08
Ride_327.csv,66.5463,65.6874,0.8589,240.0,2.498,0:08:51
Ride_328.csv,65.5255,65.698,-0.1725,0.0,0.191,0:03:17
Ride_329.csv,64.6752,64.6701,0.0051,0.0,0.001,0:00:58
Ride_33.csv,78.9442,70.9212,8.023,1760.0,9.619,0:23:04
Ride_330.csv,51.5288,51.3523,0.1765,0.0,3.119,0:08:31
Ride_331.csv,42.1098,39.6001,2.5097,480.0,2.51,0:05:13
Ride_332.csv,92.5085,87.6224,4.8861,1040.0,2.934,0:07:58
Ride_333.csv,83.3313,79.019,4.3123,880.0,4.185,0:05:43
Ride_334.csv,52.7887,51.976,0.8127,0.0,3.555,0:09:50
Ride_335.csv,48.8578,46.6141,2.2437,560.0,3.78,0:08:11
Ride_336.csv,68.1962,69.1195,-0.9233,-320.0,3.917,0:13:43
Ride_337.csv,97.0839,95.4641,1.6198,320.0,3.8,0:10:21
Ride_338.csv,79.4393,80.0978,-0.6585,-240.0,3.802,0:08:51
Ride_339.csv,70.575,72.6908,-2.1158,-400.0,1.594,0:03:05
Ride_34.csv,60.2564,51.2943,8.9621,2080.0,6.214,0:15:54
Ride_340.csv,72.7893,72.7001,0.0892,0.0,0.005,0:00:21
Ride_341.csv,97.0005,95.0001,2.0004,400.0,3.853,0:08:18
Ride_342.csv,94.7894,93.7263,1.0631,240.0,5.133,0:10:28
Ride_343.csv,93.5151,65.4864,28.0287,5920.0,7.247,0:20:44
Ride_344.csv,57.8729,59.0991,-1.2262,-320.0,1.736,0:03:23
Ride_345.csv,45.8082,44.5248,1.2834,240.0,3.725,0:11:40
Ride_346.csv,94.6591,94.4688,0.1903,80.0,0.044,0:00:41
Ride_347.csv,72.6244,68.655,3.9694,800.0,6.454,0:09:23
Ride_348.csv,61.2797,56.9699,4.3098,880.0,10.714,0:17:26
Ride_349.csv,95.7156,95.3398,0.3758,80.0,2.116,0:04:59
Ride_35.csv,51.1241,53.5051,-2.381,-560.0,2.553,0:06:22
Ride_350.csv,84.3982,83.6537,0.7445,160.0,3.732,0:09:53
Ride_351.csv,97.0799,95.7297,1.3502,240.0,3.776,0:09:29
Ride_352.csv,87.8961,87.8096,0.0865,-80.0,3.782,0:10:09
Ride_353.csv,87.667,85.4703,2.1967,320.0,1.169,0:11:59
Ride_354.csv,78.2174,79.3837,-1.1663,-320.0,3.741,0:08:20
Ride_355.csv,81.1864,80.6829,0.5035,80.0,4.193,0:12:58
Ride_357.csv,73.2307,71.8702,1.3605,240.0,1.441,0:05:08
Ride_358.csv,70.3277,70.3051,0.0226,-80.0,1.819,0:01:45
Ride_359.csv,62.2775,58.782,3.4955,720.0,8.426,0:20:51
Ride_36.csv,78.739,78.136,0.603,80.0,3.878,0:15:00
Ride_360.csv,96.9943,95.0892,1.9051,400.0,3.834,0:10:10
Ride_361.csv,69.9555,69.9555,0.0,0.0,0.0,0:00:00
Ride_362.csv,68.756,68.079,0.677,240.0,4.131,0:04:17
Ride_363.csv,56.427,56.98,-0.553,-160.0,3.702,0:11:49
Ride_364.csv,49.3459,48.7574,0.5885,80.0,1.399,0:04:17
Ride_365.csv,62.1327,57.7535,4.3792,880.0,5.769,0:09:37
Ride_366.csv,97.0481,95.5472,1.5009,240.0,3.937,0:10:05
Ride_367.csv,86.2424,84.9513,1.2911,240.0,3.775,0:08:39
Ride_368.csv,75.029,75.2001,-0.1711,-160.0,3.836,0:13:16
Ride_369.csv,67.9357,70.8321,-2.8964,-640.0,2.64,0:11:39
Ride_37.csv,76.3124,76.2499,0.0625,0.0,0.125,0:03:53
Ride_370.csv,69.9758,70.0163,-0.0405,0.0,0.337,0:01:55
Ride_371.csv,69.725,68.8864,0.8386,160.0,0.354,0:13:35
Ride_372.csv,61.3098,61.3095,0.0003,0.0,0.0,0:00:05
Ride_374.csv,56.5764,54.9152,1.6612,320.0,1.631,0:01:35
Ride_375.csv,78.8465,79.167,-0.3205,-80.0,1.304,0:04:24
Ride_376.csv,77.7875,76.6973,1.0902,160.0,0.746,0:05:03
Ride_377.csv,78.74,64.6486,14.0914,3120.0,14.74,0:16:40
Ride_378.csv,96.8736,96.7928,0.0808,0.0,0.731,0:01:10
Ride_379.csv,95.8519,86.1609,9.691,2080.0,6.908,0:20:33
Ride_38.csv,74.0221,61.4613,12.5608,2720.0,14.528,0:53:12
Ride_380.csv,77.3958,66.3069,11.0889,2400.0,6.219,0:30:40
Ride_381.csv,78.4489,76.8414,1.6075,320.0,0.616,0:06:40
Ride_382.csv,49.3251,50.1699,-0.8448,-160.0,2.493,0:09:01
Ride_384.csv,46.7253,47.8992,-1.1739,-320.0,1.487,0:03:16
Ride_385.csv,78.8123,78.8825,-0.0702,0.0,0.166,0:00:22
Ride_386.csv,63.5022,58.7827,4.7195,960.0,1.747,0:03:04
Ride_387.csv,36.6933,34.7694,1.9239,320.0,0.556,0:01:08
Ride_388.csv,97.0243,95.3516,1.6727,240.0,3.755,0:11:59
Ride_389.csv,92.4584,92.4584,0.0,0.0,0.0,0:00:00
Ride_39.csv,55.562,55.7744,-0.2124,-160.0,4.366,0:21:38
Ride_391.csv,81.2866,72.1759,9.1107,1920.0,13.66,0:21:37
Ride_392.csv,64.813,66.455,-1.642,-400.0,3.287,0:09:06
Ride_393.csv,66.3227,66.3418,-0.0191,-80.0,0.583,0:03:32
Ride_394.csv,59.6193,61.7783,-2.159,-480.0,1.518,0:02:48
Ride_395.csv,62.1717,62.1001,0.0716,0.0,0.016,0:00:30
Ride_396.csv,61.9469,61.5447,0.4022,80.0,0.614,0:01:42
Ride_397.csv,94.8001,94.65,0.1501,80.0,0.154,0:01:59
Ride_398.csv,86.6593,86.3001,0.3592,0.0,3.688,0:10:45
Ride_399.csv,74.7207,74.9623,-0.2416,-80.0,1.601,0:03:17
Ride_4.csv,40.193,41.5512,-1.3582,-240.0,0.081,0:02:07
Ride_40.csv,62.6187,64.586,-1.9673,-480.0,3.825,0:10:48
Ride_400.csv,74.8466,67.2138,7.6328,1520.0,3.823,0:13:20
Ride_401.csv,67.3012,68.5167,-1.2155,-320.0,2.183,0:05:36
Ride_402.csv,68.7427,67.6786,1.0641,160.0,2.311,0:12:50
Ride_403.csv,66.4291,66.4058,0.0233,0.0,0.141,0:00:40
Ride_405.csv,87.4609,87.4001,0.0608,0.0,4.092,0:13:18
Ride_406.csv,87.2365,83.7289,3.5076,640.0,3.386,0:07:47
Ride_407.csv,74.7484,76.2001,-1.4517,-400.0,3.776,0:09:23
Ride_408.csv,74.7964,72.7005,2.0959,480.0,2.295,0:08:55
Ride_409.csv,72.6512,72.4952,0.156,0.0,0.123,0:06:02
Ride_41.csv,64.431,58.3766,6.0544,1280.0,9.594,0:16:11
Ride_410.csv,66.4304,68.2094,-1.779,-400.0,3.097,0:06:54
Ride_411.csv,60.9051,59.5469,1.3582,240.0,2.168,0:07:53
Ride_412.csv,59.4343,59.1475,0.2868,0.0,0.862,0:03:34
Ride_413.csv,96.9981,96.6781,0.32,0.0,1.482,0:03:23
Ride_414.csv,95.6194,95.4784,0.141,80.0,0.441,0:01:14
Ride_415.csv,92.9111,88.1524,4.7587,1040.0,2.198,0:05:37
Ride_416.csv,88.3217,87.248,1.0737,80.0,3.036,0:12:29
Ride_417.csv,60.9949,63.1742,-2.1793,-480.0,3.954,0:09:23
Ride_418.csv,96.9143,94.6558,2.2585,400.0,3.602,0:11:13
Ride_419.csv,89.5658,89.3032,0.2626,80.0,0.016,0:01:53
Ride_42.csv,58.1874,49.5118,8.6756,1920.0,6.436,0:11:57
Ride_420.csv,74.7574,65.1792,9.5782,2080.0,11.522,0:23:40
Ride_421.csv,55.9808,50.7001,5.2807,1040.0,9.912,0:26:10
Ride_422.csv,50.5888,50.5479,0.0409,0.0,0.017,0:01:30
Ride_423.csv,50.3824,45.6747,4.7077,1040.0,3.254,0:09:58
Ride_424.csv,96.4312,90.7908,5.6404,1120.0,8.264,0:18:48
Ride_425.csv,60.4403,53.1001,7.3402,1520.0,3.399,0:11:50
Ride_426.csv,97.002,89.2001,7.8019,1600.0,10.122,0:26:00
Ride_427.csv,97.0238,91.3756,5.6482,1200.0,8.56,0:23:04
Ride_428.csv,91.2434,87.8499,3.3935,640.0,3.516,0:06:37
Ride_429.csv,79.983,74.2766,5.7064,1200.0,4.469,0:05:41
Ride_43.csv,43.0974,42.5671,0.5303,-80.0,3.783,0:10:35
Ride_430.csv,95.4779,92.3069,3.171,720.0,2.681,0:04:03
Ride_431.csv,71.9513,70.1063,1.845,320.0,8.293,0:18:28
Ride_432.csv,96.838,95.4883,1.3497,160.0,3.896,0:07:55
Ride_433.csv,71.8817,66.465,5.4167,1120.0,3.496,0:13:55
Ride_434.csv,62.1865,62.1927,-0.0062,0.0,2.552,0:12:13
Ride_44.csv,78.9568,62.725,16.2318,3520.0,11.899,0:54:32
Ride_45.csv,52.4365,52.3192,0.1173,-80.0,0.612,0:05:44
Ride_46.csv,77.919,75.2783,2.6407,560.0,1.188,0:08:07
Ride_47.csv,75.1422,74.3491,0.7931,160.0,0.744,0:02:48
Ride_48.csv,74.2832,64.8731,9.4101,2000.0,3.823,0:13:59
Ride_49.csv,64.808,66.2128,-1.4048,-320.0,3.482,0:09:08
Ride_5.csv,42.6617,41.7308,0.9309,160.0,4.676,0:13:48
Ride_50.csv,58.8684,45.0387,13.8297,3120.0,13.43,0:47:20
Ride_51.csv,51.9363,50.9719,0.9644,160.0,12.095,0:32:09
Ride_52.csv,60.1936,56.9055,3.2881,720.0,6.462,0:11:07
Ride_53.csv,78.7503,78.1011,0.6492,160.0,3.829,0:10:25
Ride_54.csv,77.9515,75.887,2.0645,320.0,2.455,0:07:40
Ride_55.csv,75.6912,64.4464,11.2448,2400.0,5.327,0:12:17
Ride_56.csv,64.3122,64.8046,-0.4924,-160.0,3.871,0:10:42
Ride_57.csv,64.6645,62.6178,2.0467,320.0,2.145,0:07:43
Ride_58.csv,48.4957,42.5999,5.8958,1280.0,9.432,0:43:22
Ride_59.csv,64.9816,63.2402,1.7414,320.0,3.607,0:12:46
Ride_6.csv,83.8458,81.1152,2.7306,480.0,4.567,0:19:58
Ride_60.csv,37.5747,36.6128,0.9619,240.0,4.327,0:05:35
Ride_61.csv,78.8609,77.4497,1.4112,240.0,5.252,0:14:53
Ride_62.csv,77.305,69.7445,7.5605,1680.0,4.937,0:14:19
Ride_63.csv,69.6825,54.696,14.9865,3280.0,11.55,0:39:15
Ride_64.csv,54.6856,46.5467,8.1389,1840.0,12.381,0:39:34
Ride_65.csv,78.7884,79.8607,-1.0723,-240.0,1.787,0:03:36
Ride_66.csv,79.6457,72.9181,6.7276,1440.0,2.523,0:06:38
Ride_67.csv,61.3742,60.5856,0.7886,80.0,9289.326,0:17:10
Ride_68.csv,60.4864,54.0696,6.4168,1280.0,9288.328,0:09:11
Ride_69.csv,53.115,51.0773,2.0377,480.0,3.399,0:12:19
Ride_7.csv,97.2499,97.1021,0.1478,80.0,0.301,0:08:41
Ride_70.csv,78.7285,58.9757,19.7528,4320.0,9310.204,1:30:32
Ride_71.csv,57.7865,52.8005,4.986,1040.0,3.781,0:15:48
Ride_72.csv,52.0253,51.0709,0.9544,240.0,3.238,0:05:59
Ride_73.csv,45.3709,41.1263,4.2446,960.0,3.594,0:10:17
Ride_74.csv,40.8984,36.1737,4.7247,880.0,5.578,0:13:02
Ride_75.csv,36.039,32.5808,3.4582,720.0,4.985,0:10:18
Ride_76.csv,78.1539,76.3275,1.8264,320.0,3.059,0:04:03
Ride_77.csv,66.2049,65.2064,0.9985,160.0,3.879,0:20:04
Ride_78.csv,65.0406,58.0028,7.0378,1520.0,5.925,0:24:01
Ride_79.csv,47.7136,44.3973,3.3163,720.0,5.95,0:26:40
Ride_8.csv,97.0312,97.041,-0.0098,0.0,0.0,0:00:51
Ride_80.csv,44.1481,39.9476,4.2005,960.0,2.969,0:15:05
Ride_81.csv,53.8416,47.0831,6.7585,1520.0,3.884,0:15:15
Ride_82.csv,47.0136,46.4033,0.6103,0.0,3.973,0:13:52
Ride_83.csv,63.7551,61.9854,1.7697,400.0,3.536,0:08:44
Ride_84.csv,78.8177,78.8145,0.0032,0.0,0.463,0:01:22
Ride_85.csv,79.1075,76.8951,2.2124,480.0,1.362,0:10:55
Ride_86.csv,76.7715,76.0279,0.7436,80.0,0.651,0:02:38
Ride_87.csv,56.875,57.6665,-0.7915,-160.0,3.876,0:25:40
Ride_88.csv,57.5467,56.8264,0.7203,80.0,0.684,0:04:17
Ride_89.csv,56.6035,56.2919,0.3116,0.0,0.665,0:02:23
Ride_9.csv,43.9472,43.9819,-0.0347,0.0,0.0,0:00:06
Ride_90.csv,48.2857,47.7152,0.5705,80.0,4.719,0:11:36
Ride_91.csv,47.5603,45.2417,2.3186,400.0,2.263,0:27:47
Ride_92.csv,37.8456,37.3409,0.5047,0.0,4.664,0:10:56
Ride_93.csv,70.3487,69.5264,0.8223,160.0,0.628,0:02:31
Ride_94.csv,69.323,68.6083,0.7147,80.0,0.551,0:03:47
Ride_95.csv,68.472,67.7828,0.6892,80.0,2.294,0:04:17
Ride_96.csv,58.6573,58.2622,0.3951,80.0,4.602,0:09:20
Ride_97.csv,57.9767,54.4498,3.5269,720.0,7.565,0:24:24
Ride_98.csv,51.1707,44.6191,6.5516,1440.0,14.048,0:30:24
Ride_99.csv,52.1131,53.2124,-1.0993,-320.0,3.843,0:09:40