Date/Time,Lat,Long,Elv,Speed,Gids,SOC,AHr,Pack Volts,Pack Amps,Max CP mV,Min CP mV,Avg CP mV,CP mV Diff,Judgment Value,Pack T1 F,Pack T1 C,Pack T2 F,Pack T2 C,Pack T3 F,Pack T3 C,Pack T4 F,Pack T4 C,CP1,CP2,CP3,CP4,CP5,CP6,CP7,CP8,CP9,CP10,CP11,CP12,CP13,CP14,CP15,CP16,CP17,CP18,CP19,CP20,CP21,CP22,CP23,CP24,CP25,CP26,CP27,CP28,CP29,CP30,CP31,CP32,CP33,CP34,CP35,CP36,CP37,CP38,CP39,CP40,CP41,CP42,CP43,CP44,CP45,CP46,CP47,CP48,CP49,CP50,CP51,CP52,CP53,CP54,CP55,CP56,CP57,CP58,CP59,CP60,CP61,CP62,CP63,CP64,CP65,CP66,CP67,CP68,CP69,CP70,CP71,CP72,CP73,CP74,CP75,CP76,CP77,CP78,CP79,CP80,CP81,CP82,CP83,CP84,CP85,CP86,CP87,CP88,CP89,CP90,CP91,CP92,CP93,CP94,CP95,CP96,12v Bat Amps,VIN,Hx,12v Bat Volts,Odo(km),QC,L1/L2,TP-FL,TP-FR,TP-RR,TP-RL,Ambient,SOH,RegenWh,BLevel,epoch time,Motor Pwr(w),Aux Pwr(100w),A/C Pwr(250w),A/C Comp(0.1MPa),Est Pwr A/C(50w),Est Pwr Htr(250w),Plug State,Charge Mode,OBC Out Pwr,Gear,HVolt1,HVolt2,GPS Status,Power SW,BMS,OBC,Debug,Motor Temp,Inverter 2 Temp,Inverter 4 Temp, Speed1, Speed2,Wiper Status,Torque Nm
11/01/2018 8:54:11,9 54.41019,-84 8.05298,1223,0.0,181,788465,527908,384.86,-0.173,4016,4004,4009,12,0,76.1,24.5,74.5,23.6,none,none,73.0,22.8,-4012,4008,-4016,4005,4012,4007,-4012,4009,4012,4007,-4011,4009,-4009,-4009,-4012,-4009,4012,4012,-4007,-4009,4007,-4012,-4007,-4009,-4007,-4007,-4007,-4009,-4012,4007,-4011,-4009,4012,4012,-4007,-4009,-4009,-4012,-4009,-4009,4012,4012,-4007,-4013,-4012,-4012,-4007,-4009,-4009,-4004,-4012,4005,-4009,-4011,-4011,-4012,-4011,-4011,4007,-4012,4012,4012,-4007,-4009,-4009,-4009,-4007,-4005,4012,4012,-4007,-4012,-4009,-4007,-4016,4005,-4012,-4012,-4007,-4009,-4007,-4007,-4016,4009,-4007,-4007,-4012,4004,4012,4007,-4011,4004,-4011,-4007,4011,4011,3.55,1N4AZ0CP1DC421447,72.92,14.16,64594,0,1783,38.25,37.25,37.5,38,71.6,80.72,0,15,1541084051,0,2,0,0,0,0,0,0,0,1,384.99,384.99,78,1,1,1,0080,67,0,0,0,0,0E,0.00,0
11/01/2018 8:54:18,9 54.41259,-84 8.04932,1223,0.0,181,788391,527908,384.86,-0.319,4016,4004,4009,12,0,76.1,24.5,74.7,23.7,none,none,73.0,22.8,-4016,4007,-4015,4004,4012,4007,-4012,4009,4012,4007,-4011,4009,-4009,-4009,-4012,-4009,4012,4012,-4007,-4009,4007,-4012,-4007,-4009,-4007,-4007,-4007,-4009,-4012,4007,-4011,-4009,4012,4012,-4007,-4009,-4009,-4012,-4009,-4009,4012,4012,-4007,-4013,-4012,-4007,-4007,-4009,-4004,-4004,-4012,4005,-4009,-4011,-4011,-4012,-4011,-4011,4007,-4012,4012,4012,-4007,-4009,-4009,-4009,-4007,-4005,4012,4012,-4007,-4012,-4009,-4007,-4016,4005,-4012,-4012,-4007,-4009,-4007,-4007,-4016,4004,-4007,-4007,-4012,4004,4012,4007,-4011,4004,-4007,-4007,4011,4011,2.82,1N4AZ0CP1DC421447,72.92,13.60,64594,0,1783,38.25,37.25,37.5,38,71.6,80.72,0,15,1541084058,0,2,0,0,0,0,0,0,0,1,384.91,384.91,78,1,1,1,0080,67,0,0,0,0,0E,0.00,0
11/01/2018 8:54:24,9 54.41259,-84 8.04932,1223,0.0,181,788337,527908,384.96,-0.060,4017,4004,4010,13,0,76.1,24.5,74.7,23.7,none,none,73.0,22.8,-4012,4008,-4016,4005,4013,4008,-4013,4010,4013,4008,-4012,4010,-4010,-4010,-4013,-4010,4013,4013,-4008,-4010,4008,-4013,-4008,-4014,-4008,-4008,-4008,-4010,-4013,4008,-4012,-4010,4013,4013,-4008,-4010,-4010,-4013,-4010,-4010,4013,4013,-4012,-4010,-4008,-4013,-4008,-4010,-4005,-4005,-4013,4006,-4010,-4012,-4012,-4013,-4012,-4012,4008,-4013,4013,4013,-4008,-4010,-4010,-4010,-4008,-4006,4013,4013,-4008,-4013,-4010,-4008,-4017,4006,-4013,-4013,-4008,-4014,-4008,-4004,-4017,4005,-4008,-4008,-4013,4005,4013,4008,-4012,4005,-4008,-4008,4012,4012,1.98,1N4AZ0CP1DC421447,72.92,13.20,64594,0,1783,38.25,37.25,37.5,38,71.6,80.72,0,15,1541084064,0,2,0,0,0,0,0,0,0,1,384.97,384.97,78,1,1,1,0080,67,0,0,0,0,0E,0.00,0
11/01/2018 8:54:29,9 54.41259,-84 8.04932,1223,0.0,181,788270,527908,384.96,-0.153,4017,4004,4010,13,0,76.1,24.5,74.5,23.6,none,none,73.0,22.8,-4016,4007,-4015,4004,4012,4007,-4007,4009,4013,4008,-4012,4010,-4010,-4010,-4013,-4010,4013,4013,-4008,-4010,4008,-4013,-4008,-4010,-4008,-4008,-4012,-4010,-4013,4008,-4012,-4010,4013,4013,-4008,-4010,-4010,-4013,-4010,-4010,4013,4013,-4008,-4014,-4013,-4008,-4008,-4010,-4005,-4005,-4013,4006,-4010,-4012,-4012,-4013,-4012,-4012,4008,-4013,4013,4013,-4008,-4010,-4010,-4010,-4008,-4006,4013,4013,-4008,-4013,-4010,-4008,-4017,4006,-4013,-4013,-4008,-4014,-4008,-4008,-4017,4005,-4013,-4008,-4013,4005,4013,4008,-4012,4005,-4012,-4008,4012,4012,1.83,1N4AZ0CP1DC421447,72.92,12.88,64594,0,1783,38.25,37.25,37.5,38,71.6,80.72,0,15,1541084069,0,2,0,0,0,0,0,0,0,1,384.88,384.88,78,1,1,1,0080,67,0,0,0,0,0E,0.00,0
11/01/2018 8:54:35,9 54.41259,-84 8.04932,1223,0.0,181,788209,527908,384.86,-0.133,4016,4003,4009,13,0,76.1,24.5,74.7,23.7,none,none,73.0,22.8,-4016,4007,-4015,4004,4012,4007,-4007,4004,4012,4007,-4011,4009,-4009,-4009,-4007,-4009,4012,4012,-4007,-4009,4007,-4012,-4007,-4009,-4007,-4007,-4007,-4009,-4012,4007,-4011,-4009,4012,4012,-4007,-4009,-4009,-4012,-4009,-4009,4012,4012,-4011,-4013,-4012,-4012,-4007,-4009,-4004,-4004,-4012,4005,-4009,-4011,-4011,-4012,-4011,-4011,4007,-4012,4012,4012,-4007,-4009,-4009,-4009,-4007,-4005,4012,4012,-4007,-4012,-4009,-4007,-4016,4005,-4012,-4012,-4007,-4009,-4007,-4007,-4016,4004,-4007,-4007,-4012,4004,-4012,4003,-4011,4004,-4011,-4007,4011,4011,1.46,1N4AZ0CP1DC421447,72.92,12.96,64594,0,1783,38.25,37.25,37.5,38,71.6,80.72,0,15,1541084075,0,2,0,0,0,0,0,0,0,1,384.89,384.89,78,1,1,1,0080,67,0,0,0,0,0E,0.00,0
11/01/2018 8:54:41,9 54.41259,-84 8.04932,1223,0.0,181,788147,527908,384.96,0.638,4017,4004,4010,13,0,76.1,24.5,74.7,23.7,none,none,73.0,22.8,-4017,4008,-4016,4005,4013,4008,-4013,4010,4013,4008,-4012,4010,-4010,-4010,-4008,-4010,4013,4013,-4008,-4010,4008,-4013,-4008,-4010,-4008,-4008,-4008,-4010,-4013,4008,-4012,-4010,4013,4013,-4008,-4010,-4010,-4013,-4010,-4010,4013,4013,-4008,-4014,-4008,-4008,-4008,-4010,-4005,-4005,-4013,4006,-4010,-4012,-4012,-4013,-4012,-4012,4008,-4013,4013,4013,-4008,-4010,-4010,-4010,-4008,-4006,4013,4013,-4008,-4013,-4010,-4008,-4017,4006,-4013,-4013,-4008,-4010,-4008,-4008,-4017,4005,-4008,-4008,-4013,4005,-4013,4004,-4012,4005,-4008,-4008,4012,4012,1.77,1N4AZ0CP1DC421447,72.92,12.88,64594,0,1783,38.25,37.25,37.5,38,71.6,80.72,0,16,1541084081,0,2,0,0,0,0,0,0,0,1,384.96,384.96,78,1,1,1,0080,67,0,0,0,0,0E,0.00,0
11/01/2018 8:54:47,9 54.41259,-84 8.04932,1223,0.0,181,788064,527908,384.86,1.536,4017,4004,4009,13,0,76.1,24.5,74.7,23.7,none,none,73.0,22.8,-4012,4008,-4016,4005,4013,4008,-4008,4005,4013,4008,-4012,4010,-4010,-4010,-4008,-4010,4013,4013,-4004,-4010,4008,-4013,-4008,-4010,-4008,-4008,-4008,-4010,-4013,4008,-4008,-4010,4013,4013,-4008,-4010,-4010,-4013,-4010,-4010,4013,4013,-4008,-4014,-4008,-4008,-4008,-4005,-4005,-4005,-4013,4006,-4010,-4012,-4012,-4013,-4008,-4012,4008,-4013,4013,4013,-4008,-4010,-4010,-4010,-4008,-4006,4013,4013,-4008,-4013,-4010,-4008,-4017,4006,-4013,-4008,-4008,-4010,-4008,-4004,-4017,4005,-4008,-4008,-4013,4005,-4013,4004,-4012,4005,-4008,-4008,4012,4012,1.66,1N4AZ0CP1DC421447,72.92,12.88,64594,0,1783,38.25,37.25,37.5,38,71.6,80.72,0,16,1541084087,0,2,0,0,0,0,0,0,0,1,384.94,384.94,78,1,1,1,0080,67,0,0,0,0,0E,-39.75,0
11/01/2018 8:54:52,9 54.41448,-84 8.05252,1224,2.3,181,787963,527908,384.77,1.792,4016,4004,4008,12,0,76.1,24.5,74.7,23.7,none,none,73.0,22.8,-4012,4004,-4016,4005,4008,4008,-4008,4005,4013,4008,-4012,4010,-4010,-4005,-4008,-4010,4013,4013,-4008,-4010,4008,-4013,-4008,-4010,-4008,-4008,-4008,-4005,-4008,4004,-4008,-4010,4013,4008,-4008,-4010,-4010,-4013,-4010,-4006,4013,4013,-4008,-4010,-4008,-4008,-4004,-4010,-4005,-4005,-4013,4006,-4005,-4012,-4008,-4013,-4008,-4012,4008,-4013,4008,4013,-4008,-4010,-4010,-4005,-4008,-4006,4013,4008,-4008,-4008,-4005,-4004,-4013,4006,-4008,-4008,-4008,-4010,-4008,-4004,-4012,4005,-4008,-4004,-4013,4005,4008,4008,-4008,4005,-4008,-4004,4008,4012,1.64,1N4AZ0CP1DC421447,72.92,12.96,64594,0,1783,38.25,37.25,37.5,38,71.6,80.72,0,16,1541084092,360,2,0,0,0,0,0,0,0,2,384.81,384.81,78,1,1,1,0080,67,0,0,0,0,0E,-39.75,0
11/01/2018 8:54:57,9 54.41362,-84 8.05115,1224,1.2,181,787868,527908,384.86,1.718,4017,4001,4009,16,0,76.1,24.5,74.7,23.7,none,none,73.0,22.8,-4012,4004,-4016,4005,4013,4008,-4008,4005,4013,4008,-4012,4010,-4010,-4010,-4008,-4010,4013,4008,-4008,-4010,4008,-4013,-4008,-4010,-4008,-4008,-4008,-4005,-4013,4008,-4012,-4010,4013,4008,-4008,-4010,-4010,-4013,-4010,-4010,4013,4013,-4008,-4010,-4004,-4008,-4004,-4010,-4005,-4005,-4013,4006,-4005,-4012,-4008,-4013,-4008,-4012,4008,-4013,4008,4013,-4008,-4010,-4010,-4005,-4008,-4006,4013,4013,-4008,-4013,-4010,-4004,-4013,4006,-4008,-4008,-4008,-4010,-4008,-4004,-4017,4001,-4008,-4004,-4013,4005,4008,4008,-4008,4005,-4008,-4004,4012,4012,1.57,1N4AZ0CP1DC421447,72.92,12.96,64594,0,1783,38.25,37.25,37.5,38,71.6,80.72,0,17,1541084097,0,2,0,0,0,0,0,0,0,2,384.84,384.84,78,1,1,1,0080,67,0,0,444,459,0E,-23.50,0
11/01/2018 8:55:02,9 54.41689,-84 8.04932,1226,3.1,181,787744,527908,384.77,1.997,4016,4004,4008,12,0,76.1,24.5,74.7,23.7,none,none,73.0,22.8,-4012,4004,-4016,4005,4008,4008,-4008,4005,4008,4008,-4012,4010,-4010,-4005,-4008,-4010,4013,4008,-4008,-4010,4008,-4013,-4008,-4010,-4008,-4008,-4008,-4005,-4013,4004,-4008,-4010,4013,4008,-4008,-4005,-4010,-4013,-4010,-4006,4013,4013,-4008,-4010,-4008,-4008,-4008,-4005,-4005,-4005,-4013,4006,-4005,-4012,-4008,-4013,-4008,-4008,4008,-4013,-4008,-4008,-4008,-4010,-4010,-4005,-4008,-4006,4008,4008,-4008,-4013,-4005,-4004,-4013,4006,-4008,-4008,-4008,-4010,-4008,-4004,-4012,4005,-4008,-4004,-4013,4005,4008,4008,-4008,4005,-4008,-4004,4012,4012,1.54,1N4AZ0CP1DC421447,72.92,12.96,64594,0,1783,38.25,37.25,37.5,38,71.6,80.72,0,17,1541084102,1600,2,0,0,0,0,0,0,0,2,384.82,384.82,78,1,1,1,0080,67,0,0,294,304,0E,-18.75,0
11/01/2018 8:55:08,9 54.41923,-84 8.04840,1227,1.3,181,787634,527908,384.77,2.162,4014,4001,4008,13,0,76.3,24.6,74.7,23.7,none,none,73.0,22.8,-4008,4004,-4012,4005,4013,4008,-4008,4005,4008,4008,-4012,4005,-4005,-4005,-4008,-4010,4013,4008,-4004,-4010,4008,-4013,-4008,-4010,-4008,-4008,-4008,-4005,-4013,4004,-4008,-4010,4008,4008,-4008,-4010,-4010,-4013,-4005,-4006,4013,4013,-4008,-4010,-4008,-4008,-4004,-4014,-4005,-4005,-4013,4001,-4005,-4008,-4008,-4013,-4008,-4012,4003,-4013,-4008,-4008,-4008,-4010,-4005,-4005,-4008,-4006,4013,4008,-4004,-4008,-4005,-4004,-4013,4006,-4008,-4008,-4008,-4010,-4008,-4004,-4012,4005,-4008,-4004,-4008,4005,4008,4008,-4008,4005,-4008,-4004,4008,4012,1.53,1N4AZ0CP1DC421447,72.92,12.96,64594,0,1783,38.25,37.25,37.5,38,71.6,80.72,0,17,1541084108,1600,2,0,0,0,0,0,0,0,2,384.80,384.80,78,1,1,1,0080,67,0,0,0,0,0E,-32.50,0
11/01/2018 8:55:14,9 54.42266,-84 8.04886,1229,1.7,181,787520,527908,384.77,1.904,4016,4001,4008,15,0,76.1,24.5,74.7,23.7,none,none,73.0,22.8,-4012,4004,-4016,4005,4008,4008,-4008,4005,4008,4008,-4012,4010,-4010,-4005,-4008,-4010,4013,4008,-4008,-4010,4004,-4013,-4008,-4010,-4008,-4008,-4008,-4005,-4013,4008,-4008,-4010,4008,4008,-4008,-4010,-4010,-4013,-4010,-4006,4013,4013,-4008,-4010,-4008,-4008,-4004,-4005,-4005,-4005,-4013,4006,-4005,-4012,-4008,-4008,-4008,-4012,4008,-4013,-4008,-4008,-4008,-4010,-4010,-4005,-4008,-4006,4013,4008,-4004,-4013,-4005,-4004,-4013,4006,-4008,-4008,-4004,-4010,-4008,-4004,-4012,4005,-4008,-4004,-4008,4005,4008,4004,-4012,4001,-4008,-4004,4012,4012,1.45,1N4AZ0CP1DC421447,72.92,12.96,64594,0,1783,38.25,37.25,37.5,38,71.6,80.72,0,17,1541084114,1600,2,0,0,0,0,0,0,0,2,384.76,384.76,78,1,1,1,0080,67,0,0,0,0,0E,-19.25,0
11/01/2018 8:55:19,9 54.42318,-84 8.04886,1228,1.2,181,787377,527908,384.67,1.718,4016,3999,4007,17,0,76.3,24.6,74.7,23.7,none,none,73.0,22.8,-4012,4004,-4016,4005,4013,4008,-4008,4005,4008,4008,-4012,4010,-4010,-4005,-4008,-4010,4013,4008,-4004,-4010,4008,-4013,-4008,-4010,-4008,-4004,-4008,-4005,-4013,4004,-4008,-4010,4013,4008,-4008,-4010,-4010,-4008,-4005,-4006,4013,4013,-4008,-4010,-4008,-4008,-4004,-4005,-4001,-4005,-4013,4006,-4005,-4008,-4008,-4008,-4008,-4012,4003,-4013,4008,4008,-4008,-4010,-4005,-4005,-4008,-4006,4008,4008,-4004,-4008,-4005,-4004,-4013,4006,-4008,-4008,-4004,-4010,-4008,-4004,-4012,4005,-4008,-4004,-4013,4002,4008,4004,-4008,4001,-4008,-3999,4008,4012,1.42,1N4AZ0CP1DC421447,72.92,12.96,64594,0,1783,38.25,37.25,37.5,38,71.6,80.72,0,17,1541084119,1600,2,0,0,0,0,0,0,0,2,384.72,384.72,78,1,1,1,0080,67,0,0,0,0,0E,-39.75,0
11/01/2018 8:55:24,9 54.42604,-84 8.04932,1230,3.0,181,787271,527908,384.67,1.811,4016,4001,4007,15,0,76.1,24.5,74.7,23.7,none,none,73.0,22.8,-4012,4004,-4016,4005,4008,4008,-4008,4005,4008,4008,-4008,4010,-4005,-4005,-4008,-4010,4008,4008,-4008,-4010,4004,-4013,-4008,-4010,-4008,-4008,-4008,-4005,-4013,4004,-4008,-4010,4008,4004,-4008,-4010,-4010,-4013,-4005,-4006,4013,4013,-4008,-4010,-4008,-4008,-4004,-4010,-4005,-4001,-4013,4006,-4005,-4012,-4008,-4013,-4008,-4012,4008,-4013,4008,4008,-4008,-4010,-4005,-4005,-4008,-4006,4013,4008,-4004,-4008,-4005,-4004,-4013,4001,-4008,-4008,-4008,-4010,-4008,-4004,-4012,4005,-4008,-4004,-4008,4005,4004,-4013,-4004,-4005,-4008,-4004,4008,4008,1.40,1N4AZ0CP1DC421447,72.92,12.96,64594,0,1783,38.25,37.25,37.5,38,71.6,80.72,0,17,1541084124,480,2,0,0,0,0,0,0,0,2,384.73,384.73,78,1,1,1,0080,67,0,0,0,0,0E,-21.75,0
11/01/2018 8:55:29,9 54.42781,-84 8.05069,1229,3.2,181,787159,527908,384.67,1.849,4016,4001,4007,15,0,76.1,24.5,74.7,23.7,none,none,73.0,22.8,-4012,4004,-4016,4005,4008,4008,-4008,4005,4008,4008,-4012,4010,-4005,-4005,-4008,-4010,4013,4008,-4008,-4010,4008,-4013,-4008,-4010,-4008,-4008,-4004,-4005,-4013,4004,-4008,-4010,4013,4008,-4008,-4010,-4010,-4013,-4005,-4006,4008,4013,-4008,-4010,-4008,-4008,-4004,-4005,-4005,-4005,-4013,4006,-4005,-4012,-4008,-4013,-4008,-4012,4008,-4013,4008,4008,-4008,-4010,-4005,-4005,-4008,-4006,4008,4008,-4004,-4008,-4005,-4004,-4013,4001,-4008,-4008,-4004,-4010,-4004,-4004,-4012,4005,-4008,-4004,-4008,4005,4004,-4013,-4004,-4005,-4004,-4004,4012,4008,1.41,1N4AZ0CP1DC421447,72.92,12.96,64594,0,1783,38.25,37.25,37.5,38,71.6,80.72,0,17,1541084129,480,2,0,0,0,0,0,0,0,2,384.70,384.70,78,1,1,1,0080,67,0,0,0,0,0E,-13.00,0
11/01/2018 8:55:34,9 54.42839,-84 8.05069,1229,9.8,181,786900,527908,383.90,8.173,4009,3987,3999,22,0,76.3,24.6,74.7,23.7,none,none,73.0,22.8,-4005,3996,-4009,3998,4005,4001,-4001,3998,4005,4001,-4005,4002,-4002,-4002,-4001,-4002,4005,4005,-3996,-4002,4001,-4005,-4000,-4002,-4001,-4001,-4000,-3998,-4009,4001,-4000,-4002,4005,4005,-4000,-4002,-4002,-4005,-4002,-4002,4005,4005,-4000,-4006,-4001,-4001,-3996,-4002,-3998,-3998,-4006,3998,-3998,-4005,-4001,-4005,-4001,-4004,3996,-4005,4005,4005,-4000,-4002,-4002,-3999,-4001,-3998,4005,4001,-4000,-4005,-4003,-3996,-4009,3994,-3994,-3994,-3990,-3996,-3993,-3990,-4001,3991,-3994,-3987,-3997,3988,3988,-3994,-3990,-3992,-3992,-3989,3994,3993,1.41,1N4AZ0CP1DC421447,72.92,12.96,64594,0,1783,38.25,37.25,37.5,38,71.6,80.72,0,17,1541084134,5760,2,0,0,0,0,0,0,0,4,383.36,383.36,78,1,1,1,0080,67,0,0,673,697,0E,-0.50,0
11/01/2018 8:55:39,9 54.43027,-84 8.04474,1229,0.9,181,786827,527908,384.67,1.261,4016,4001,4007,15,0,76.3,24.6,74.7,23.7,none,none,73.0,22.8,-4012,4004,-4016,4005,4008,4008,-4008,4005,4008,4008,-4012,4010,-4005,-4001,-4008,-4010,4008,4008,-4008,-4005,4008,-4013,-4008,-4010,-4008,-4008,-4008,-4005,-4013,4004,-4008,-4010,4008,4008,-4008,-4010,-4005,-4013,-4005,-4006,4013,4013,-4008,-4010,-4008,-4008,-4004,-4005,-4001,-4001,-4008,4001,-4005,-4012,-4008,-4013,-4008,-4012,4008,-4008,4008,4008,-4004,-4010,-4005,-4005,-4008,-4006,4008,4008,-4004,-4008,-4005,-4004,-4013,4006,-4008,-4008,-4008,-4010,-4008,-4004,-4012,4005,-4008,-4004,-4013,4001,4008,4004,-4008,4005,-4008,-4004,4012,4008,1.18,1N4AZ0CP1DC421447,72.92,12.88,64594,0,1783,38.25,37.25,37.5,38,71.6,80.72,0,18,1541084139,160,2,0,0,0,0,0,0,0,4,384.77,384.77,78,1,1,1,0080,67,0,0,0,0,0E,38.75,0
11/01/2018 8:55:45,9 54.43027,-84 8.04474,1229,0.0,181,786735,527908,384.77,1.261,4016,4001,4008,15,0,76.1,24.5,74.7,23.7,none,none,73.2,22.9,-4012,4004,-4016,4005,4013,4008,-4008,4005,4008,4008,-4012,4005,-4005,-4005,-4008,-4010,4008,4008,-4008,-4010,4008,-4013,-4008,-4010,-4008,-4008,-4008,-4005,-4013,4004,-4008,-4010,4008,4008,-4008,-4010,-4010,-4013,-4005,-4006,4013,4013,-4008,-4010,-4008,-4008,-4004,-4005,-4005,-4005,-4013,4006,-4005,-4012,-4008,-4013,-4004,-4012,4008,-4013,4008,4008,-4008,-4010,-4005,-4005,-4008,-4006,4008,4008,-4004,-4008,-4005,-4004,-4013,4006,-4008,-4008,-4008,-4010,-4008,-4004,-4012,4005,-4008,-4004,-4013,4001,4008,4008,-4008,4001,-4008,-4004,4012,4012,0.98,1N4AZ0CP1DC421447,72.92,12.96,64594,0,1783,38.25,37.25,37.5,38,71.6,80.72,0,18,1541084145,0,2,0,0,0,0,0,0,0,4,384.75,384.75,78,1,1,1,0080,68,0,0,0,0,0E,38.75,0
11/01/2018 8:55:50,9 54.43027,-84 8.04474,1229,0.0,181,786636,527908,384.77,1.519,4016,4001,4008,15,0,76.1,24.5,74.7,23.7,none,none,73.0,22.8,-4012,4004,-4016,4005,4008,4008,-4008,4005,4013,4008,-4012,4010,-4005,-4005,-4008,-4010,4008,4008,-4008,-4010,4008,-4008,-4008,-4010,-4008,-4008,-4008,-4005,-4013,4008,-4008,-4010,4008,4008,-4008,-4010,-4010,-4013,-4005,-4006,4013,4013,-4008,-4010,-4008,-4008,-4004,-4010,-4005,-4001,-4013,4006,-4001,-4012,-4008,-4013,-4008,-4012,4003,-4013,4008,4013,-4008,-4010,-4005,-4005,-4008,-4006,4013,4008,-4004,-4013,-4001,-4004,-4013,4001,-4008,-4008,-4008,-4010,-4008,-4004,-4012,4005,-4008,-4004,-4013,4001,4008,4008,-4008,4005,-4008,-4004,4012,4012,1.06,1N4AZ0CP1DC421447,72.92,12.96,64594,0,1783,38.25,37.25,37.5,38,71.6,80.72,0,18,1541084150,0,2,0,0,0,0,0,0,0,4,384.77,384.77,78,1,1,1,0080,68,0,0,0,0,0E,38.75,0
11/01/2018 8:55:55,9 54.43027,-84 8.04474,1229,0.0,181,786545,527908,384.77,1.261,4016,4001,4008,15,0,76.3,24.6,74.5,23.6,none,none,73.2,22.9,-4012,4004,-4016,4005,4013,4008,-4008,4005,4008,4008,-4012,4005,-4005,-4005,-4008,-4010,4008,4008,-4008,-4010,4008,-4013,-4008,-4010,-4008,-4008,-4008,-4005,-4013,4004,-4008,-4010,4008,4008,-4008,-4010,-4010,-4013,-4005,-4006,4013,4013,-4008,-4010,-4008,-4008,-4004,-4010,-4001,-4005,-4013,4006,-4005,-4008,-4008,-4013,-4008,-4012,4008,-4013,4008,4013,-4008,-4010,-4005,-4005,-4008,-4006,4004,-4013,-4004,-4008,-4005,-4004,-4013,4006,-4008,-4008,-4008,-4010,-4008,-4004,-4012,4005,-4008,-4004,-4013,4001,4008,4008,-4008,4005,-4008,-4004,4012,4008,1.24,1N4AZ0CP1DC421447,72.92,12.88,64594,0,1783,38.25,37.25,37.5,38,71.6,80.72,0,18,1541084155,0,2,0,0,0,0,0,0,0,4,384.77,384.77,78,1,1,1,0080,68,0,0,0,0,0E,38.75,0
11/01/2018 8:56:00,9 54.43027,-84 8.04474,1229,0.0,181,786457,527908,384.77,1.168,4016,4001,4008,15,0,76.1,24.5,74.7,23.7,none,none,73.0,22.8,-4012,4004,-4016,4005,4008,4008,-4008,4005,4013,4008,-4012,4010,-4010,-4005,-4008,-4010,4008,4008,-4008,-4010,4008,-4013,-4008,-4010,-4008,-4008,-4008,-4005,-4013,4004,-4008,-4010,4008,4008,-4008,-4010,-4010,-4013,-4005,-4006,4013,4013,-4008,-4010,-4008,-4008,-4004,-4005,-4001,-4005,-4013,4006,-4005,-4012,-4008,-4013,-4008,-4012,4008,-4013,4008,4013,-4008,-4010,-4005,-4005,-4008,-4006,4004,-4013,-4008,-4013,-4005,-4004,-4013,4006,-4008,-4008,-4004,-4010,-4008,-4004,-4012,4005,-4008,-4004,-4013,4005,4008,4008,-4008,4005,-4008,-4004,4008,4012,1.09,1N4AZ0CP1DC421447,72.92,12.96,64594,0,1783,38.25,37.25,37.5,38,71.6,80.72,0,19,1541084160,0,2,0,0,0,0,0,0,0,4,384.77,384.77,78,1,1,1,0080,68,0,0,0,0,0E,38.75,0
11/01/2018 8:56:14,9 54.43027,-84 8.04474,1229,0.0,181,786220,527908,384.77,1.075,4016,4001,4008,15,0,76.3,24.6,74.7,23.7,none,none,73.2,22.9,-4012,4004,-4016,4005,4013,4008,-4008,4005,4008,4008,-4012,4005,-4005,-4005,-4008,-4010,4013,4008,-4004,-4010,4008,-4013,-4008,-4010,-4008,-4008,-4008,-4005,-4013,4004,-4008,-4010,4008,4008,-4008,-4010,-4010,-4013,-4005,-4006,4013,4013,-4008,-4010,-4008,-4008,-4004,-4005,-4005,-4005,-4013,4006,-4005,-4012,-4008,-4013,-4008,-4012,4008,-4013,4004,4013,-4008,-4010,-4010,-4005,-4008,-4006,4013,4008,-4004,-4013,-4005,-4004,-4013,4006,-4008,-4008,-4008,-4010,-4008,-4004,-4012,4005,-4008,-4004,-4013,4001,4008,4004,-4008,4005,-4008,-4004,4012,4008,0.98,1N4AZ0CP1DC421447,72.92,12.88,64594,0,1783,38.25,37.25,37.5,38,71.6,80.72,0,19,1541084174,0,2,0,0,0,0,0,0,0,4,384.76,384.76,78,1,1,1,0080,68,0,0,0,0,0E,38.75,0
11/01/2018 8:56:22,9 54.43027,-84 8.04474,1229,0.0,181,786073,527908,384.77,1.241,4016,4001,4008,15,0,76.1,24.5,74.7,23.7,none,none,73.2,22.9,-4012,4004,-4016,4005,4013,4008,-4008,4005,4008,4008,-4012,4010,-4005,-4005,-4008,-4010,4013,4008,-4008,-4010,4008,-4013,-4008,-4010,-4008,-4008,-4008,-4005,-4013,4004,-4008,-4010,4008,4008,-4008,-4010,-4010,-4013,-4005,-4006,4013,4013,-4008,-4010,-4008,-4008,-4004,-4005,-4005,-4005,-4013,4006,-4005,-4012,-4008,-4013,-4008,-4012,4008,-4013,4008,4013,-4008,-4010,-4005,-4005,-4008,-4006,4013,4008,-4004,-4008,-4005,-4004,-4013,4006,-4008,-4008,-4008,-4005,-4008,-4004,-4012,4005,-4008,-4004,-4013,4001,4008,4008,-4008,4005,-4008,-4004,4008,4012,0.96,1N4AZ0CP1DC421447,72.92,12.96,64594,0,1783,38.25,37.25,37.5,38,71.6,80.72,0,20,1541084182,0,2,0,0,0,0,0,0,0,4,384.77,384.77,78,1,1,1,0080,68,0,0,0,0,0E,38.75,0
11/01/2018 8:56:27,9 54.43027,-84 8.04474,1229,0.0,181,785982,527908,384.77,1.149,4016,4001,4008,15,0,76.3,24.6,74.7,23.7,none,none,73.2,22.9,-4012,4004,-4016,4005,4013,4008,-4008,4005,4008,4008,-4012,4010,-4005,-4005,-4008,-4010,4008,4008,-4004,-4010,4008,-4013,-4008,-4010,-4008,-4008,-4008,-4005,-4013,4004,-4008,-4010,4008,4008,-4008,-4010,-4005,-4008,-4005,-4006,4013,4013,-4008,-4010,-4004,-4008,-4004,-4005,-4005,-4005,-4013,4006,-4005,-4012,-4008,-4013,-4008,-4012,4008,-4013,4008,4013,-4008,-4010,-4010,-4005,-4008,-4001,4008,4008,-4004,-4013,-4005,-4004,-4013,4006,-4008,-4008,-4008,-4010,-4008,-4004,-4012,4005,-4008,-4004,-4013,4005,4008,4008,-4008,4005,-4008,-4008,4008,4012,0.88,1N4AZ0CP1DC421447,72.92,12.88,64594,0,1783,38.25,37.25,37.5,38,71.6,80.72,0,20,1541084187,0,2,0,0,0,0,0,0,0,4,384.76,384.76,78,1,1,1,0080,68,0,0,0,0,0E,38.75,0
11/01/2018 8:56:32,9 54.43027,-84 8.04474,1229,0.0,181,785889,527908,384.77,1.334,4016,4001,4008,15,0,76.1,24.5,74.7,23.7,none,none,73.2,22.9,-4012,4004,-4016,4005,4013,4008,-4008,4005,4008,4008,-4012,4010,-4010,-4005,-4008,-4010,4008,4008,-4008,-4010,4008,-4013,-4008,-4010,-4008,-4004,-4008,-4005,-4013,4008,-4008,-4010,4008,4008,-4004,-4010,-4010,-4013,-4005,-4006,4013,4013,-4008,-4010,-4008,-4008,-4008,-4001,-4005,-4005,-4013,4006,-4005,-4012,-4008,-4013,-4008,-4012,4008,-4013,4008,4013,-4008,-4010,-4005,-4005,-4008,-4001,4013,4008,-4004,-4013,-4005,-4004,-4013,4006,-4008,-4008,-4008,-4010,-4008,-4004,-4012,4005,-4008,-4004,-4008,4001,4008,4008,-4008,4005,-4008,-4004,4012,4012,1.40,1N4AZ0CP1DC421447,72.92,12.96,64594,0,1783,38.25,37.25,37.5,38,71.6,80.72,0,20,1541084192,0,2,0,0,0,0,0,0,0,4,384.78,384.78,78,1,1,1,0080,68,0,0,0,0,0E,38.75,0
11/01/2018 8:56:38,9 54.43027,-84 8.04474,1229,0.0,181,785796,527908,384.67,1.261,4016,4001,4007,15,0,76.3,24.6,74.7,23.7,none,none,73.2,22.9,-4012,4004,-4016,4005,4008,4008,-4008,4005,4008,4008,-4012,4010,-4005,-4005,-4008,-4010,4008,4008,-4008,-4010,4008,-4013,-4008,-4010,-4008,-4008,-4004,-4005,-4013,4004,-4008,-4010,4008,4008,-4008,-4010,-4010,-4013,-4005,-4006,4013,4008,-4008,-4010,-4008,-4008,-4004,-4005,-4005,-4001,-4013,4006,-4005,-4012,-4008,-4013,-4008,-4012,4003,-4013,4008,4013,-4008,-4010,-4005,-4005,-4008,-4006,4008,4008,-4004,-4008,-4005,-4004,-4013,4006,-4008,-4008,-4004,-4010,-4008,-4004,-4012,4005,-4008,-4004,-4008,4005,4008,4004,-4008,4005,-4008,-4004,4008,4008,1.11,1N4AZ0CP1DC421447,72.92,12.88,64594,0,1783,38.25,37.25,37.5,38,71.6,80.72,0,20,1541084198,0,2,0,0,0,0,0,0,0,4,384.76,384.76,78,1,1,1,0080,68,0,0,0,0,0E,38.75,0
11/01/2018 8:56:53,9 54.43554,-84 8.03192,1227,0.0,181,785315,527908,384.67,-0.060,4015,4001,4007,14,0,76.1,24.5,74.7,23.7,none,none,73.0,22.8,-4011,4003,-4015,4004,4012,4007,-4007,4004,4012,4007,-4011,4009,-4009,-4004,-4007,-4009,4007,4007,-4007,-4009,4007,-4012,-4007,-4009,-4007,-4007,-4007,-4004,-4012,4007,-4007,-4009,4007,4007,-4003,-4009,-4009,-4012,-4009,-4005,4012,4012,-4007,-4009,-4007,-4007,-4003,-4013,-4004,-4004,-4012,4005,-4004,-4011,-4007,-4007,-4007,-4011,4007,-4012,4007,4012,-4007,-4009,-4009,-4004,-4007,-4005,4013,4008,-4008,-4013,-4005,-4008,-4008,-4006,-4008,-4008,-4008,-4005,-4008,-4008,-4008,-4010,-4008,-4004,-4013,4005,4008,4008,-4008,4001,-4008,-4004,4012,4008,0.84,1N4AZ0CP1DC421447,72.92,12.96,64594,0,1783,38.25,37.25,37.5,38,72.5,80.72,0,20,1541084213,0,2,0,0,0,0,0,0,0,7,384.83,384.83,78,1,1,1,0080,69,0,0,0,0,0E,0.00,0
11/01/2018 8:56:58,9 54.44864,-84 8.02780,1224,39.7,181,784439,527908,377.28,99.644,3943,3912,3930,31,0,76.1,24.5,74.7,23.7,none,none,73.0,22.8,-3933,3929,-3936,3927,3932,3930,-3932,3927,3932,3925,-3936,3931,-3934,-3927,-3932,-3931,3937,3930,-3932,-3936,3928,-3934,-3936,-3931,-3928,-3930,-3936,-3927,-3937,3925,-3936,-3936,3937,3934,-3932,-3927,-3934,-3934,-3934,-3932,3932,3930,-3932,-3940,-3928,-3934,-3919,-3940,-3926,-3922,-3934,3923,-3929,-3929,-3933,-3925,-3931,-3929,3933,-3934,3934,3930,-3923,-3936,-3929,-3928,-3934,-3923,3932,3925,-3941,-3930,-3927,-3930,-3937,3927,-3937,-3930,-3929,-3931,-3929,-3929,-3933,-3922,-3932,-3926,-3938,3912,3929,3930,-3924,3940,-3933,-3925,3928,3943,1.04,1N4AZ0CP1DC421447,72.91,12.88,64594,0,1783,38.25,37.25,37.5,38,72.5,80.72,0,20,1541084218,28840,2,0,0,0,0,0,0,0,7,379.08,379.08,78,1,1,1,0080,69,0,0,3947,4087,0E,136.50,0
11/01/2018 8:57:03,9 54.47256,-84 8.01453,1224,43.3,181,783673,527908,382.08,30.158,3988,3971,3980,17,0,76.1,24.5,74.7,23.7,none,none,73.0,22.8,-3985,3978,-3986,3976,3982,3979,-3978,3976,3982,3979,-3986,3980,-3979,-3980,-3982,-3980,3982,3983,-3977,-3980,3978,-3988,-3982,-3980,-3982,-3979,-3982,-3976,-3987,3979,-3982,-3980,3982,3979,-3977,-3980,-3984,-3983,-3979,-3981,3982,3983,-3982,-3980,-3982,-3979,-3978,-3980,-3978,-3976,-3984,3976,-3979,-3983,-3979,-3983,-3980,-3982,3979,-3984,3981,3983,-3982,-3980,-3979,-3979,-3981,-3976,3983,3983,-3978,-3983,-3978,-3979,-3988,3972,-3983,-3979,-3981,-3981,-3981,-3975,-3985,3971,-3983,-3973,-3986,3971,3981,3979,-3980,3977,-3976,-3978,3984,3978,0.84,1N4AZ0CP1DC421447,72.91,12.96,64595,0,1783,38.25,36,35,35.75,72.5,80.72,0,20,1541084223,11120,2,0,0,0,0,0,0,0,7,382.13,382.13,78,1,1,1,0080,70,0,0,4160,4308,0E,-3.00,0
11/01/2018 8:57:09,9 54.49625,-84 7.98340,1219,49.2,181,783217,527908,381.22,29.188,4001,3959,3971,42,0,76.1,24.5,74.7,23.7,none,none,73.0,22.8,-3996,3991,-4000,3989,4001,3992,-3992,3989,3996,3992,-3996,3998,-3969,-3966,-3968,-3970,3972,3969,-3967,-3970,3963,-3977,-3967,-3970,-3968,-3964,-3967,-3966,-3976,3964,-3972,-3966,3972,3969,-3963,-3970,-3973,-3973,-3969,-3966,3972,3973,-3967,-3966,-3968,-3969,-3963,-3961,-3963,-3961,-3971,3962,-3965,-3968,-3966,-3973,-3967,-3968,3965,-3974,3970,3973,-3967,-3966,-3969,-3965,-3970,-3966,3972,3969,-3967,-3973,-3963,-3960,-3976,3962,-3972,-3969,-3966,-3967,-3966,-3965,-3974,3970,-3968,-3964,-3970,3966,3966,3964,-3966,3967,-3965,-3959,3970,3973,0.79,1N4AZ0CP1DC421447,72.91,12.96,64595,0,1783,38.25,36,35,35.75,72.5,80.72,0,20,1541084229,17320,2,0,0,0,0,0,0,0,7,380.94,380.94,78,1,1,1,0080,70,0,0,4996,5174,0E,14.00,0
11/01/2018 8:57:14,9 54.53012,-84 7.96463,1217,55.3,180,783363,527908,386.59,-32.733,4038,4014,4027,24,0,76.1,24.5,74.7,23.7,none,none,73.0,22.8,-4033,4028,-4036,4030,4033,4028,-4028,4030,4033,4033,-4032,4030,-4030,-4030,-4028,-4034,4033,4033,-4028,-4030,4033,-4037,-4023,-4034,-4028,-4028,-4028,-4030,-4037,4028,-4032,-4034,4033,4033,-4028,-4034,-4034,-4033,-4030,-4030,4033,4033,-4028,-4038,-4033,-4033,-4028,-4030,-4026,-4025,-4035,4030,-4030,-4037,-4030,-4033,-4029,-4036,4025,-4031,4034,4037,-4028,-4030,-4030,-4030,-4029,-4030,4022,4021,-4017,-4021,-4017,-4017,-4027,4014,-4018,-4021,-4016,-4018,-4018,-4017,-4022,4018,-4018,-4015,-4022,4016,4018,4021,-4020,4018,-4017,-4016,4024,4021,0.76,1N4AZ0CP1DC421447,72.92,12.96,64595,0,1783,36.5,36,35,35.75,72.5,80.72,-3,20,1541084234,0,2,0,0,0,0,0,0,0,7,385.84,385.84,78,1,1,1,0080,70,0,0,5193,5378,0E,-41.75,0
11/01/2018 8:57:19,9 54.57161,-84 7.96555,1212,57.3,180,783888,527908,387.26,9.350,4042,4025,4034,17,0,76.3,24.6,74.7,23.7,none,none,73.0,22.8,-4038,4031,-4041,4033,4037,4036,-4033,4033,4037,4032,-4037,4037,-4034,-4033,-4033,-4033,4037,4036,-4032,-4033,4033,-4040,-4028,-4037,-4033,-4032,-4032,-4033,-4037,4032,-4032,-4033,4033,4036,-4032,-4033,-4034,-4036,-4034,-4033,4037,4036,-4032,-4042,-4037,-4036,-4037,-4033,-4031,-4033,-4039,4033,-4034,-4040,-4035,-4040,-4034,-4040,4030,-4039,4034,4036,-4037,-4037,-4034,-4034,-4034,-4029,4037,4036,-4032,-4036,-4036,-4032,-4041,4029,-4033,-4036,-4035,-4032,-4034,-4031,-4038,4033,-4033,-4029,-4038,4025,4034,4036,-4035,4032,-4038,-4031,4034,4040,1.02,1N4AZ0CP1DC421447,72.92,12.88,64595,0,1783,36.5,36,35,35.75,72.5,80.72,-13,20,1541084239,0,2,0,0,0,0,0,0,0,7,387.88,387.88,78,1,1,1,0080,71,0,0,6123,6341,0E,30.50,0
11/01/2018 8:57:28,9 54.64193,-84 7.99530,1205,62.4,180,784067,527908,387.17,-36.217,4045,4023,4033,22,0,76.3,24.6,74.7,23.7,none,none,73.2,22.9,-4042,4036,-4045,4037,4041,4036,-4041,4037,4041,4040,-4041,4037,-4034,-4037,-4037,-4037,4041,4040,-4037,-4037,4041,-4045,-4037,-4042,-4037,-4036,-4037,-4037,-4041,4036,-4041,-4042,4041,4040,-4037,-4042,-4038,-4040,-4034,-4038,4035,4034,-4025,-4035,-4030,-4034,-4026,-4031,-4028,-4026,-4033,4027,-4027,-4033,-4028,-4034,-4032,-4033,4023,-4033,4031,4034,-4025,-4031,-4027,-4029,-4027,-4027,4030,4029,-4025,-4029,-4030,-4025,-4035,4027,-4030,-4029,-4028,-4030,-4031,-4024,-4035,4026,-4030,-4027,-4031,4028,4031,4029,-4032,4025,-4026,-4029,4027,4033,1.10,1N4AZ0CP1DC421447,72.92,12.96,64595,0,1783,36.5,36,35,35.75,72.5,80.72,-16,21,1541084248,0,2,0,0,0,0,0,0,0,7,385.87,385.87,78,1,1,1,0080,71,0,0,6079,6296,0E,-52.75,0
11/01/2018 8:57:34,9 54.70625,-84 8.01407,1197,67.9,180,785517,527908,387.36,40.537,4044,4027,4035,17,0,76.1,24.5,74.7,23.7,none,none,73.2,22.9,-4040,4030,-4044,4027,4036,4035,-4036,4032,4036,4035,-4040,4036,-4033,-4032,-4031,-4036,4036,4035,-4035,-4036,4036,-4039,-4031,-4036,-4036,-4035,-4035,-4032,-4040,4035,-4035,-4036,4036,4039,-4035,-4036,-4037,-4039,-4033,-4036,4040,4039,-4031,-4040,-4036,-4035,-4031,-4036,-4033,-4032,-4038,4032,-4037,-4039,-4033,-4039,-4038,-4038,4033,-4039,4036,4039,-4035,-4036,-4033,-4034,-4031,-4032,4036,4035,-4031,-4035,-4035,-4030,-4040,4032,-4036,-4035,-4034,-4040,-4036,-4030,-4040,4032,-4036,-4033,-4031,-4034,4036,4035,-4038,4027,-4035,-4030,-4037,4030,1.18,1N4AZ0CP1DC421447,72.92,12.96,64595,0,1783,36.5,36,35,35.75,72.5,80.72,-44,21,1541084254,0,2,0,0,0,0,0,0,0,7,389.69,389.69,78,1,1,1,0080,71,0,0,6964,7212,0E,47.00,0
11/01/2018 8:57:45,9 54.80701,-84 8.02780,1192,54.7,180,786811,527908,390.24,-49.722,4073,4057,4065,16,0,76.1,24.5,74.7,23.7,none,none,73.2,22.9,-4071,4064,-4073,4061,4070,4069,-4065,4061,4065,4064,-4065,4066,-4062,-4066,-4065,-4066,4065,4069,-4060,-4066,4065,-4069,-4065,-4070,-4065,-4064,-4060,-4061,-4070,4064,-4065,-4066,4065,4064,-4060,-4066,-4067,-4069,-4067,-4066,4070,4073,-4065,-4066,-4065,-4069,-4061,-4066,-4064,-4061,-4066,4066,-4067,-4068,-4065,-4069,-4064,-4072,4060,-4071,4067,4069,-4060,-4070,-4062,-4060,-4063,-4062,4065,4069,-4060,-4064,-4067,-4060,-4070,4062,-4065,-4064,-4057,-4068,-4063,-4062,-4067,4066,-4061,-4067,-4058,-4067,4067,4069,-4061,4068,-4067,-4064,-4069,4059,0.70,1N4AZ0CP1DC421447,72.92,12.88,64595,0,1783,36.5,36,35,35.75,72.5,80.72,-68,21,1541084265,0,2,0,0,0,0,0,0,0,7,390.24,390.24,78,1,1,1,0080,71,0,0,5450,5644,0E,-52.25,0
11/01/2018 8:57:50,9 54.84438,-84 8.01498,1190,56.3,181,787879,527908,390.14,-45.603,4074,4052,4064,22,0,76.3,24.6,74.7,23.7,none,none,73.2,22.9,-4072,4060,-4070,4062,4066,4065,-4062,4062,4066,4065,-4066,4067,-4063,-4062,-4062,-4062,4066,4065,-4057,-4067,4062,-4070,-4061,-4067,-4062,-4061,-4061,-4062,-4066,4061,-4061,-4067,4062,4065,-4061,-4067,-4063,-4065,-4063,-4063,4066,4070,-4061,-4071,-4066,-4065,-4066,-4067,-4065,-4062,-4068,4063,-4063,-4069,-4063,-4070,-4066,-4069,4062,-4072,4064,4065,-4061,-4071,-4063,-4062,-4064,-4063,4066,4065,-4057,-4074,-4064,-4061,-4071,4063,-4066,-4065,-4063,-4065,-4064,-4059,-4068,4062,-4066,-4060,-4068,4052,4064,4065,-4063,4065,-4068,-4060,-4067,4065,0.70,1N4AZ0CP1DC421447,72.92,12.96,64595,0,1783,36.5,36,35,35.75,73.4,80.72,-89,21,1541084270,0,2,0,0,0,0,0,0,0,7,390.16,390.16,78,1,1,1,0080,72,0,0,5601,5800,0E,44.50,0
11/01/2018 8:57:55,9 54.88214,-84 8.00217,1181,50.0,181,788353,527908,390.14,-45.677,4071,4053,4064,18,0,76.1,24.5,74.7,23.7,none,none,73.2,22.9,-4068,4060,-4070,4062,4066,4065,-4062,4062,4066,4065,-4066,4062,-4063,-4062,-4062,-4062,4066,4065,-4057,-4067,4062,-4070,-4057,-4067,-4062,-4061,-4057,-4062,-4066,4061,-4061,-4067,4062,4065,-4061,-4067,-4063,-4070,-4063,-4063,4066,4065,-4061,-4071,-4062,-4070,-4062,-4067,-4065,-4062,-4068,4063,-4063,-4069,-4067,-4070,-4066,-4069,4058,-4068,4068,4070,-4066,-4062,-4063,-4062,-4064,-4058,4066,4070,-4057,-4070,-4064,-4061,-4066,4058,-4066,-4065,-4063,-4061,-4064,-4064,-4068,4062,-4062,-4057,-4068,4053,4068,4061,-4067,4061,-4063,-4060,4062,4069,0.73,1N4AZ0CP1DC421447,72.92,12.96,64595,0,1783,36.5,36,35,35.75,73.4,80.72,-98,21,1541084275,0,2,0,0,0,0,0,0,0,7,390.08,390.08,78,1,1,1,0080,72,0,0,4912,5087,0E,-51.50,0
11/01/2018 8:58:01,9 54.92792,-84 8.00446,1179,45.6,181,789342,527908,390.14,-41.723,4075,4058,4064,17,0,76.3,24.6,74.7,23.7,none,none,73.2,22.9,-4068,4061,-4071,4063,4067,4062,-4063,4063,4067,4062,-4067,4063,-4064,-4063,-4063,-4063,4067,4066,-4058,-4063,4063,-4071,-4062,-4063,-4063,-4062,-4058,-4063,-4067,4062,-4062,-4063,4067,4062,-4058,-4068,-4064,-4066,-4064,-4064,4067,4066,-4062,-4072,-4067,-4062,-4067,-4059,-4061,-4063,-4069,4064,-4064,-4070,-4064,-4066,-4063,-4070,4063,-4070,4068,4071,-4058,-4068,-4064,-4063,-4064,-4064,4072,4071,-4058,-4071,-4065,-4062,-4072,4064,-4067,-4066,-4060,-4070,-4064,-4064,-4068,4063,-4067,-4061,-4068,4063,4068,4066,-4068,4061,-4068,-4061,4068,4075,0.72,1N4AZ0CP1DC421447,72.92,12.88,64595,0,1783,36.5,36,35,35.75,73.4,80.72,-116,21,1541084281,0,2,0,0,0,0,0,0,0,7,390.34,390.34,78,1,1,1,0080,72,0,0,4569,4732,0E,-49.75,0
11/01/2018 8:58:06,9 54.95928,-84 8.00262,1171,43.1,181,790103,527908,388.61,-31.233,4072,4033,4048,39,0,76.1,24.5,74.7,23.7,none,none,73.2,22.9,-4069,4058,-4067,4060,4068,4063,-4064,4060,4064,4058,-4063,4064,-4061,-4060,-4059,-4060,4064,4063,-4059,-4060,4064,-4072,-4059,-4064,-4059,-4058,-4059,-4060,-4064,4058,-4059,-4060,4064,4063,-4059,-4064,-4043,-4042,-4039,-4039,4046,4046,-4042,-4043,-4042,-4042,-4038,-4039,-4035,-4039,-4046,4039,-4039,-4046,-4042,-4042,-4042,-4046,4037,-4046,4042,4046,-4037,-4043,-4039,-4038,-4038,-4035,4042,4042,-4037,-4042,-4039,-4038,-4046,4035,-4042,-4042,-4038,-4043,-4038,-4038,-4046,4039,-4042,-4037,-4042,4034,4042,4042,-4042,4039,-4042,-4033,4046,4042,0.77,1N4AZ0CP1DC421447,72.92,12.96,64595,0,1783,36.5,36,35.5,36,73.4,80.72,-131,21,1541084286,0,2,0,0,0,0,0,0,0,7,390.08,390.08,78,1,1,1,0080,72,0,0,4449,4607,0E,11.50,0
11/01/2018 8:58:11,9 54.99149,-84 8.00949,1162,41.0,182,790632,527908,389.95,-35.748,4069,4057,4062,12,0,76.3,24.6,74.7,23.7,none,none,73.2,22.9,-4069,4058,-4067,4060,4064,4063,-4064,4060,4064,4063,-4063,4064,-4061,-4060,-4059,-4060,4064,4063,-4059,-4060,4059,-4067,-4059,-4060,-4059,-4058,-4059,-4060,-4064,4058,-4063,-4064,4064,4063,-4059,-4064,-4065,-4067,-4061,-4060,4064,4067,-4059,-4069,-4064,-4063,-4059,-4064,-4057,-4060,-4065,4060,-4065,-4067,-4065,-4067,-4064,-4066,4060,-4066,4065,4067,-4059,-4064,-4061,-4060,-4060,-4060,4068,4063,-4059,-4067,-4062,-4058,-4068,4060,-4064,-4063,-4061,-4068,-4065,-4062,-4069,4060,-4059,-4059,-4060,4059,4069,4058,-4065,4059,-4060,-4058,4064,4062,0.93,1N4AZ0CP1DC421447,72.92,12.88,64596,0,1783,36.5,36,35.5,36,73.4,80.72,-141,21,1541084291,0,2,0,0,0,0,0,0,0,7,389.99,389.99,78,1,1,1,0080,72,0,0,4109,4255,0E,-3.50,0
11/01/2018 8:58:16,9 55.01598,-84 8.02139,1146,25.2,182,791323,527908,389.57,-30.648,4066,4051,4058,15,0,76.1,24.5,74.7,23.7,none,none,73.0,22.8,-4061,4054,-4064,4056,4060,4059,-4056,4056,4060,4059,-4060,4061,-4057,-4056,-4056,-4061,4060,4059,-4055,-4061,4060,-4064,-4055,-4065,-4056,-4055,-4055,-4056,-4065,4055,-4060,-4061,4056,4059,-4055,-4061,-4062,-4059,-4057,-4057,4060,4064,-4060,-4065,-4060,-4055,-4056,-4056,-4058,-4056,-4063,4057,-4057,-4063,-4058,-4059,-4057,-4063,4053,-4063,4061,4064,-4055,-4056,-4057,-4058,-4057,-4052,4060,4064,-4055,-4059,-4060,-4055,-4065,4052,-4060,-4059,-4057,-4064,-4057,-4058,-4061,4061,-4056,-4056,-4061,4052,4066,4055,-4061,4051,-4061,-4054,4056,4063,1.16,1N4AZ0CP1DC421447,72.92,12.96,64596,0,1783,36.5,36,35.5,36,73.4,80.72,-154,21,1541084296,0,2,0,0,0,0,0,0,0,7,389.74,389.74,78,1,1,1,0080,73,0,0,2446,2533,0E,-143.75,0
11/01/2018 8:58:22,9 55.02222,-84 8.02322,1144,0.9,182,792061,527908,387.55,-0.133,4043,4031,4037,12,0,76.3,24.6,74.7,23.7,none,none,73.0,22.8,-4038,4034,-4042,4031,4039,4034,-4039,4036,4039,4034,-4038,4036,-4036,-4036,-4034,-4036,4039,4039,-4034,-4036,4034,-4043,-4034,-4040,-4034,-4034,-4034,-4036,-4043,4034,-4038,-4036,4039,4039,-4034,-4036,-4040,-4039,-4036,-4036,4039,4039,-4038,-4040,-4039,-4034,-4034,-4036,-4036,-4031,-4043,4036,-4036,-4038,-4038,-4043,-4038,-4042,4033,-4039,4039,4043,-4038,-4040,-4040,-4036,-4039,-4036,4043,4043,-4038,-4039,-4036,-4034,-4043,4036,-4039,-4039,-4039,-4040,-4039,-4034,-4043,4036,-4039,-4034,-4039,4031,4039,4039,-4043,4036,-4034,-4034,4042,4043,0.65,1N4AZ0CP1DC421447,72.92,12.96,64596,0,1783,37,36,35.5,36,74.3,80.72,-168,21,1541084302,0,2,0,0,0,0,0,0,0,7,387.73,387.73,78,1,1,1,0080,73,0,0,0,0,0E,29.00,0
11/01/2018 8:58:28,9 55.02783,-84 8.02460,1143,14.2,182,791962,527908,387.07,0.360,4040,4025,4032,15,0,76.3,24.6,74.7,23.7,none,none,73.2,22.9,-4039,4026,-4039,4028,4035,4031,-4035,4032,4035,4031,-4035,4032,-4028,-4032,-4031,-4032,4035,4035,-4030,-4032,4031,-4035,-4030,-4037,-4031,-4031,-4030,-4032,-4040,4031,-4030,-4032,4035,4035,-4030,-4032,-4036,-4034,-4031,-4032,4039,4039,-4034,-4036,-4034,-4034,-4030,-4031,-4031,-4027,-4039,4032,-4031,-4038,-4034,-4039,-4034,-4033,4029,-4039,4034,4039,-4029,-4036,-4031,-4031,-4030,-4032,4034,4034,-4029,-4034,-4031,-4030,-4039,4027,-4030,-4034,-4030,-4036,-4030,-4025,-4038,4027,-4034,-4030,-4034,4027,4034,4030,-4034,4027,-4029,-4029,4033,4038,0.73,1N4AZ0CP1DC421447,72.92,12.96,64596,0,1783,37,36,35.5,36,74.3,80.72,-168,21,1541084308,520,2,0,0,0,0,0,0,0,7,387.13,387.13,78,1,1,1,0080,74,0,0,1458,1510,0E,36.50,0
11/01/2018 8:58:35,9 55.05489,-84 8.03101,1139,36.4,182,791670,527908,386.02,7.770,4031,4015,4021,16,0,76.1,24.5,74.7,23.7,none,none,73.0,22.8,-4027,4018,-4031,4015,4023,4023,-4023,4020,4023,4018,-4022,4020,-4020,-4020,-4023,-4020,4023,4023,-4018,-4024,4018,-4027,-4018,-4024,-4018,-4018,-4022,-4020,-4027,4018,-4022,-4024,4023,4023,-4018,-4020,-4024,-4023,-4020,-4020,4027,4023,-4022,-4024,-4023,-4023,-4018,-4020,-4015,-4015,-4028,4016,-4020,-4022,-4023,-4023,-4023,-4026,4018,-4024,4023,4023,-4022,-402411/01/2018 13:27:46,9 56.15685,-84 7.92480,1138,0.0,178,778621,528170,384.96,0.399,4014,4005,4010,9,0,76.5,24.7,75.6,24.2,none,none,75.4,24.1,4012,4012,4012,4010,4013,4008,-4013,4010,4013,4008,-4012,4010,-4010,-4010,-4013,-4010,4013,4013,-4008,-4010,4008,-4013,-4008,-4010,-4008,-4008,-4008,-4010,-4013,4008,-4012,-4010,4013,4013,-4008,-4010,-4010,-4013,-4010,-4010,4013,4013,-4012,-4014,-4013,-4013,-4008,-4010,-4010,-4005,-4013,4006,-4010,-4012,-4012,-4013,-4012,-4012,4008,-4013,4013,4008,4012,4010,4010,4010,4008,4010,4013,4008,4012,4013,4010,4013,4008,4010,4013,4013,4008,4014,4008,4008,4008,4010,4008,4008,4008,4010,4008,4008,4008,4010,4012,4008,4012,4012,6.80,1N4AZ0CP1DC421447,72.99,14.16,64598,0,1783,37,36,35.5,36,77.0,80.76,-168,99,1541100466,0,2,0,0,0,0,0,0,0,1,385.02,385.02,38,1,1,1,0080,68,0,0,0,0,0E,0.00,0
11/01/2018 13:27:52,9 56.13178,-84 7.93121,1072,2.8,178,778271,528170,383.90,12.420,4006,3992,3999,14,0,76.6,24.8,75.6,24.2,none,none,75.4,24.1,-4005,3992,-4005,3994,4002,3997,-4002,3999,4002,3997,-4001,3999,-3999,-3999,-4002,-4003,4002,4002,-3997,-3999,3997,-4006,-3997,-3999,-3997,-3997,-3997,-3999,-4006,3997,-4001,-3999,4002,4002,-3997,-3999,-4003,-4002,-3999,-3999,4002,4002,-3997,-4003,-3997,-4002,-3997,-3999,-3998,-3994,-4003,3995,-3999,-4001,-3998,-4002,-3998,-4001,3997,-4003,4001,4002,-3997,-4003,-3999,-3995,-3996,-3995,4002,4002,-3997,-4002,-4000,-3993,-4006,3995,-4002,-3997,-3998,-4004,-4001,-3998,-4005,3994,-3997,-3994,-4001,3996,4001,3997,-3998,4000,-3996,-3997,4002,4001,5.05,1N4AZ0CP1DC421447,72.99,14.24,64598,0,1783,37,36,35.5,36,77.0,80.76,0,99,1541100472,5480,2,0,0,0,0,0,0,0,4,383.63,383.63,78,1,1,1,0080,68,0,0,897,929,0E,-4.25,0
11/01/2018 13:27:59,9 56.12211,-84 7.92206,1042,12.4,178,777875,528170,381.89,39.694,3986,3964,3978,22,0,76.6,24.8,75.6,24.2,none,none,75.4,24.1,-3982,3975,-3983,3977,3980,3975,-3980,3977,3980,3975,-3984,3977,-3977,-3977,-3980,-3977,3980,3980,-3975,-3981,3980,-3984,-3975,-3986,-3980,-3975,-3979,-3977,-3984,3975,-3979,-3977,3980,3980,-3975,-3981,-3981,-3980,-3977,-3977,3984,3980,-3984,-3977,-3980,-3975,-3980,-3977,-3975,-3972,-3982,3977,-3977,-3979,-3981,-3980,-3978,-3979,3977,-3977,3978,3980,-3984,-3977,-3977,-3976,-3978,-3977,3980,3980,-3979,-3975,-3974,-3975,-3984,3973,-3980,-3975,-3977,-3983,-3978,-3977,-3982,3977,-3980,-3975,-3982,3964,3978,3980,-3977,3983,-3977,-3975,3981,3984,4.22,1N4AZ0CP1DC421447,72.99,14.16,64598,0,1783,37,36,35.5,36,77.0,80.76,0,98,1541100479,680,2,0,0,0,0,0,0,0,4,382.84,382.84,78,1,1,1,0080,69,0,0,1625,1683,0E,109.75,0
11/01/2018 13:28:08,9 56.11296,-84 7.90375,1047,12.9,178,776917,528170,381.98,27.055,3988,3971,3979,17,0,76.6,24.8,75.6,24.2,none,none,75.4,24.1,-3986,3974,-3987,3976,3983,3979,-3979,3976,3979,3979,-3983,3976,-3980,-3976,-3979,-3980,3983,3979,-3978,-3980,3979,-3983,-3978,-3976,-3979,-3974,-3978,-3976,-3983,3979,-3983,-3976,3983,3979,-3978,-3980,-3980,-3979,-3976,-3976,3983,3983,-3978,-3976,-3979,-3983,-3974,-3985,-3975,-3971,-3985,3976,-3976,-3983,-3980,-3983,-3981,-3978,3976,-3985,3982,3979,-3978,-3980,-3980,-3975,-3978,-3976,3983,3983,-3974,-3988,-3978,-3974,-3988,3972,-3979,-3979,-3981,-3978,-3978,-3976,-3986,3971,-3979,-3974,-3987,3972,3982,3979,-3980,3973,-3977,-3974,3980,3983,2.93,1N4AZ0CP1DC421447,72.98,13.36,64598,0,1783,37,36,35.5,36,77.0,80.76,0,98,1541100488,10560,2,0,0,0,0,0,0,0,4,382.49,382.49,78,1,1,1,0080,69,0,0,1166,1207,0E,-0.75,0
11/01/2018 13:28:16,9 56.10180,-84 7.90283,1046,6.9,178,776774,528170,384.58,-0.815,4015,4000,4006,15,0,76.6,24.8,75.6,24.2,none,none,75.6,24.2,-4011,4003,-4015,4004,4007,4007,-4007,4004,4007,4007,-4007,4004,-4004,-4004,-4007,-4009,4007,4007,-4003,-4009,4007,-4012,-4003,-4009,-4007,-4003,-4007,-4004,-4012,4003,-4007,-4009,4007,4007,-4003,-4009,-4009,-4007,-4004,-4005,4012,4007,-4007,-4009,-4007,-4007,-4003,-4004,-4000,-4004,-4012,4005,-4004,-4007,-4007,-4012,-4007,-4011,4002,-4012,4007,4007,-4007,-4009,-4004,-4004,-4003,-4005,4007,4007,-4003,-4007,-4004,-4003,-4012,4000,-4007,-4007,-4003,-4009,-4007,-4003,-4011,4004,-4007,-4003,-4007,4004,4007,4003,-4007,4004,-4007,-4003,4007,4011,1.57,1N4AZ0CP1DC421447,72.98,12.96,64599,0,1783,37,36,35.5,36,77.0,80.76,0,98,1541100496,520,2,0,0,0,0,0,0,0,4,384.59,384.59,78,1,1,1,0080,70,0,0,678,702,0E,0.00,0
11/01/2018 13:28:22,9 56.08858,-84 7.89322,1047,33.1,178,775978,528170,379.58,62.283,3969,3946,3954,23,0,76.8,24.9,75.7,24.3,none,none,75.6,24.2,-3955,3950,-3957,3947,3954,3950,-3954,3952,3954,3950,-3953,3947,-3951,-3952,-3954,-3952,3954,3955,-3949,-3952,3954,-3955,-3953,-3952,-3954,-3950,-3953,-3952,-3958,3946,-3953,-3956,3958,3955,-3953,-3952,-3955,-3955,-3951,-3948,3954,3950,-3953,-3961,-3954,-3950,-3949,-3952,-3951,-3955,-3960,3956,-3954,-3958,-3960,-3963,-3957,-3957,3955,-3965,3959,3958,-3952,-3964,-3959,-3957,-3954,-3956,3957,3958,-3961,-3954,-3954,-3954,-3962,3956,-3957,-3958,-3956,-3957,-3954,-3951,-3963,3946,-3957,-3960,-3959,3953,3963,3954,-3969,3953,-3958,-3953,3964,3958,1.50,1N4AZ0CP1DC421447,72.98,12.88,64599,0,1783,37,36,35.5,36,77.0,80.76,0,96,1541100502,20200,2,0,0,0,0,0,0,0,4,379.93,379.93,78,1,1,1,0080,70,0,0,3206,3320,0E,127.50,0
11/01/2018 13:28:31,9 56.05928,-84 7.85294,1051,33.2,178,773619,528170,384.29,-7.749,4011,3997,4003,14,0,76.6,24.8,75.6,24.2,none,none,75.4,24.1,-4006,4002,-4010,3999,4006,4002,-4002,3999,4006,4002,-4006,4003,-4003,-4003,-4002,-4003,4006,4006,-4002,-4003,4002,-4006,-4002,-4003,-4002,-4002,-4002,-4003,-4006,4002,-4006,-4003,4006,4006,-4002,-4003,-4003,-4006,-4003,-4004,4006,4006,-4002,-4008,-4002,-4002,-4002,-4003,-3999,-3999,-4005,3999,-4003,-4006,-4005,-4006,-4001,-4006,4000,-4006,4002,4006,-4002,-4003,-4003,-4002,-4002,-3999,4006,4002,-3997,-4006,-4002,-4002,-4011,3999,-4002,-4002,-4001,-4003,-4002,-4002,-4006,4003,-4002,-4001,-4006,3998,4006,4002,-4005,3999,-4002,-4002,4005,4006,2.01,1N4AZ0CP1DC421447,72.97,12.88,64599,0,1783,37.25,36.25,35.75,36,77.0,80.76,0,96,1541100511,0,2,0,0,0,0,0,0,0,4,384.27,384.27,78,1,1,1,0080,71,0,0,3402,3523,0E,-12.25,0
11/01/2018 13:28:36,9 56.04601,-84 7.83234,1053,32.8,178,773387,528170,382.66,16.760,3997,3980,3986,17,0,76.6,24.8,75.7,24.3,none,none,75.4,24.1,-3992,3984,-3993,3982,3989,3985,-3985,3982,3989,3985,-3989,3986,-3986,-3986,-3985,-3986,3989,3985,-3984,-3986,3985,-3989,-3984,-3986,-3985,-3985,-3984,-3982,-3989,3985,-3989,-3986,3989,3989,-3984,-3986,-3986,-3989,-3986,-3987,-3994,3985,-3989,-3986,-3985,-3985,-3985,-3986,-3985,-3982,-3990,3982,-3982,-3989,-3985,-3989,-3985,-3988,3985,-3990,3988,3985,-3984,-3986,-3986,-3984,-3984,-3982,3989,3985,-3984,-3985,-3986,-3985,-3993,3982,-3988,-3985,-3985,-3991,-3988,-3980,-3997,3982,-3988,-3986,-3988,3983,3988,3985,-3989,3986,-3988,-3984,3988,3989,1.55,1N4AZ0CP1DC421447,72.97,12.88,64599,0,1783,37.25,36.25,35.75,36.25,77.9,80.76,0,96,1541100516,5520,2,0,0,0,0,0,0,0,4,382.78,382.78,78,1,1,1,0080,71,0,0,3317,3435,0E,37.25,0
11/01/2018 13:28:42,9 56.02655,-84 7.80487,1055,34.0,178,772289,528170,381.31,25.571,3988,3963,3972,25,0,76.6,24.8,75.6,24.2,none,none,75.6,24.2,-3984,3976,-3988,3974,3980,3981,-3980,3978,3980,3977,-3980,3978,-3977,-3978,-3980,-3978,3980,3981,-3980,-3978,3969,-3979,-3969,-3971,-3969,-3970,-3973,-3967,-3978,3970,-3973,-3971,3973,3974,-3969,-3971,-3975,-3974,-3970,-3972,-3978,3970,-3973,-3976,-3973,-3970,-3969,-3967,-3969,-3967,-3975,3967,-3970,-3974,-3971,-3974,-3972,-3969,3966,-3975,3972,3974,-3969,-3976,-3970,-3970,-3968,-3967,3973,3970,-3964,-3979,-3969,-3966,-3978,3967,-3973,-3970,-3971,-3968,-3972,-3967,-3981,3963,-3973,-3964,-3977,3967,3972,3970,-3971,3968,-3972,-3965,3970,3978,1.65,1N4AZ0CP1DC421447,72.96,12.96,64599,0,1783,37.25,36.25,35.75,36.25,77.9,80.76,0,96,1541100522,12520,2,0,0,0,0,0,0,0,4,381.20,381.20,78,1,1,1,0080,71,0,0,3380,3500,0E,-8.50,0
11/01/2018 13:28:48,9 56.00750,-84 7.78290,1058,28.6,178,771990,528170,383.62,0.546,4004,3990,3996,14,0,76.6,24.8,75.6,24.2,none,none,75.4,24.1,-4004,3990,-4003,3992,4000,3995,-3995,3992,4000,3995,-3999,3997,-3997,-3997,-3995,-3997,4000,4000,-3990,-3997,3995,-4000,-3990,-3997,-3991,-3991,-3995,-3992,-4004,3991,-3995,-3997,4000,4000,-3990,-3997,-3997,-4000,-3997,-3997,4000,4000,-3995,-3997,-3995,-3995,-3991,-3997,-3992,-3992,-4000,3993,-3992,-3995,-3995,-4000,-3995,-3994,3994,-4000,4000,4000,-3995,-4001,-3997,-3997,-3995,-3993,4000,4000,-3995,-4000,-3997,-3995,-4004,3993,-4000,-4000,-3995,-4001,-3995,-3991,-4004,3992,-4000,-3991,-4000,3992,4000,3995,-3999,3992,-3995,-3995,3999,3999,1.82,1N4AZ0CP1DC421447,72.96,12.96,64599,0,1783,37.25,36.25,35.75,36.25,77.9,80.76,0,96,1541100528,1760,2,0,0,0,0,0,0,0,4,383.60,383.60,78,1,1,1,0080,72,0,0,2929,3033,0E,57.25,0
11/01/2018 13:28:55,9 55.99892,-84 7.76917,1060,8.9,178,771896,528170,385.54,-19.252,4026,4007,4016,19,0,76.8,24.9,75.7,24.3,none,none,75.4,24.1,-4014,4009,-4018,4007,4014,4010,-4010,4007,4014,4010,-4014,4011,-4011,-4011,-4010,-4011,4021,4016,-4016,-4017,4017,-4025,-4016,-4017,-4017,-4016,-4016,-4013,-4017,4016,-4021,-4017,4021,4016,-4012,-4017,-4018,-4020,-4014,-4018,4021,4020,-4016,-4022,-4017,-4016,-4017,-4013,-4010,-4013,-4019,4013,-4014,-4020,-4019,-4020,-4014,-4019,4014,-4019,4018,4020,-4016,-4017,-4018,-4015,-4018,-4013,4021,4020,-4012,-4020,-4016,-4011,-4026,4013,-4017,-4016,-4015,-4021,-4018,-4015,-4022,4017,-4017,-4014,-4018,4014,4018,4016,-4019,4012,-4017,-4015,4018,4015,1.66,1N4AZ0CP1DC421447,72.96,12.88,64599,0,1783,37.25,36.25,35.75,36.25,77.9,80.76,0,96,1541100535,0,2,0,0,0,0,0,0,0,4,385.06,385.06,78,1,1,1,0080,72,0,0,809,837,0E,-0.25,0
11/01/2018 13:29:00,9 56.00704,-84 7.75909,1061,19.7,178,771546,528170,383.23,14.373,4005,3975,3992,30,0,76.8,24.9,75.7,24.3,none,none,75.6,24.2,-3984,3977,-3985,3975,3981,3978,-3981,3975,3981,3978,-3985,3979,-3978,-3979,-3981,-3979,3981,3982,-3981,-3979,3981,-3987,-3976,-3984,-3995,-3996,-3995,-3993,-4004,3992,-3995,-3998,4000,4001,-3990,-3998,-3997,-4001,-3997,-3998,4000,4001,-3995,-4002,-3995,-3996,-3991,-3998,-3992,-3993,-4001,3994,-3997,-4000,-3996,-3996,-3996,-4000,3991,-4001,4000,4001,-3995,-3998,-3997,-3993,-3995,-3994,4000,3996,-3990,-4001,-3993,-3992,-4000,3994,-3995,-3996,-3992,-3998,-3995,-3992,-4004,3993,-3995,-3992,-4000,3989,-4000,3987,-4000,3993,-3995,-3996,3991,-4005,1.70,1N4AZ0CP1DC421447,72.96,12.88,64599,0,1783,37.25,36.25,35.75,36.25,77.9,80.76,0,96,1541100540,1360,2,0,0,0,0,0,0,0,4,384.05,384.05,78,1,1,1,0080,72,0,0,1972,2042,0E,111.00,0
11/01/2018 13:29:06,9 56.01774,-84 7.75864,1058,8.4,177,771178,528170,384.00,-1.456,4007,3991,4000,16,0,76.6,24.8,75.6,24.2,none,none,75.4,24.1,-4003,3994,-4007,3996,4003,3999,-3999,3996,4003,3999,-4003,4000,-4000,-4000,-3999,-4000,4003,4003,-3998,-4000,3999,-4007,-3998,-4000,-3999,-3999,-3998,-4000,-4007,3999,-4003,-4000,4003,4003,-3998,-4000,-4004,-4003,-4000,-4000,4003,4003,-3998,-4004,-4003,-3999,-3999,-4000,-3996,-3996,-4003,3996,-4000,-4003,-4003,-4003,-3998,-4002,3998,-4003,4003,4003,-3998,-4004,-4000,-4000,-3999,-3996,4003,4003,-3998,-4003,-4000,-3999,-4007,3996,-4003,-3999,-3999,-4004,-3999,-3999,-4007,3996,-3999,-3999,-4003,3991,-4003,3994,-4007,3996,-3998,-3998,3998,-4007,1.55,1N4AZ0CP1DC421447,72.96,12.96,64599,0,1783,37.25,36.25,35.75,36.25,77.9,80.76,0,96,1541100546,320,2,0,0,0,0,0,0,0,4,384.05,384.05,78,1,1,1,0080,72,0,0,1787,1850,0E,-8.75,0
11/01/2018 13:29:11,9 56.02753,-84 7.77557,1055,21.4,177,771200,528170,384.38,-3.810,4012,3999,4004,13,0,76.6,24.8,75.7,24.3,none,none,75.4,24.1,-4007,4003,-4011,4000,4007,4003,-4003,4000,4007,4003,-4007,4004,-4004,-4004,-4003,-4004,4007,4007,-4003,-4004,4003,-4007,-4003,-4004,-4003,-4003,-4003,-4000,-4007,4003,-4007,-4004,4007,4007,-4003,-4004,-4004,-4007,-4004,-4005,4007,4007,-4003,-4009,-4003,-4003,-4003,-4004,-4000,-4000,-4007,4000,-4004,-4007,-4007,-4007,-4002,-4007,4002,-4007,4003,4007,-4003,-4009,-4004,-4003,-4003,-4000,4007,4007,-4003,-4007,-4004,-4003,-4012,4000,-4003,-4003,-4003,-4004,-4003,-3999,-4011,4000,-4003,-4002,-4003,3999,-4007,3999,-4007,4000,-4003,-4003,4002,-4011,1.69,1N4AZ0CP1DC421447,72.96,12.88,64599,0,1783,37.25,36.25,35.75,36.25,77.9,80.76,-0,96,1541100551,0,2,0,0,0,0,0,0,0,4,384.39,384.39,78,1,1,1,0080,72,0,0,1897,1964,0E,-10.75,0
11/01/2018 13:29:17,9 56.02947,-84 7.78198,1053,5.6,177,771210,528170,384.29,-1.623,4012,3996,4003,16,0,76.8,24.9,75.7,24.3,none,none,75.4,24.1,-4007,4003,-4011,4000,4007,4003,-4003,4000,4007,4003,-4007,4000,-4004,-4000,-4003,-4004,4007,4003,-4003,-4004,4003,-4007,-4003,-4004,-4003,-4003,-4003,-4000,-4007,4003,-4003,-4004,4003,4003,-4003,-4004,-4004,-4007,-4000,-4005,4007,4007,-4003,-4004,-4003,-4003,-3999,-4000,-4000,-4000,-4007,4000,-4000,-4007,-4003,-4007,-4003,-4007,3998,-4007,4003,4003,-4003,-4004,-4004,-4000,-4003,-4000,4003,4003,-3998,-4007,-4000,-3999,-4012,3996,-4003,-4003,-4003,-4004,-4003,-3999,-4007,4000,-4003,-3999,-4007,3996,4003,4003,-4003,4000,-4003,-3998,4007,4007,1.43,1N4AZ0CP1DC421447,72.96,12.96,64599,0,1783,37.25,36.25,35.75,36.25,77.9,80.76,-1,96,1541100557,0,2,0,0,0,0,0,0,0,4,384.30,384.30,78,1,1,1,0080,72,0,0,508,526,0E,0.00,0
11/01/2018 13:29:22,9 56.02987,-84 7.78656,1053,5.1,177,771024,528170,384.10,-0.280,4011,3994,4001,17,0,76.8,24.9,75.6,24.2,none,none,75.6,24.2,-4007,3998,-4011,4000,4003,4003,-4003,3996,4003,4003,-4007,4000,-4000,-4000,-4003,-4004,4003,4003,-3998,-4004,3999,-4007,-3998,-4004,-3999,-3999,-4003,-4000,-4007,3999,-4003,-4000,4003,4003,-3998,-4004,-4004,-4003,-4000,-4005,3999,-4007,-4003,-4004,-4003,-4003,-3999,-4000,-4000,-4000,-4007,4000,-4000,-4003,-4003,-4007,-4003,-4002,3998,-4007,4003,4003,-4003,-4004,-4000,-4000,-3999,-4000,4003,4003,-3994,-4003,-4000,-3999,-4007,3996,-4003,-4003,-3999,-4004,-4003,-3999,-4007,4000,-4003,-3999,-4003,3996,4003,3999,-4003,4000,-4003,-3998,4002,4003,1.47,1N4AZ0CP1DC421447,72.96,12.88,64599,0,1783,37.25,36.25,35.75,36.25,77.9,80.76,-1,96,1541100562,400,2,0,0,0,0,0,0,0,4,384.11,384.11,78,1,1,1,0080,72,0,0,821,850,0E,-1.75,0
11/01/2018 13:29:28,9 56.02787,-84 7.79114,1053,4.4,177,770973,528170,384.19,0.580,4012,3997,4002,15,0,76.6,24.8,75.6,24.2,none,none,75.4,24.1,-4004,3999,-4012,4001,4004,4004,-4004,4001,4004,4004,-4004,4001,-4001,-4001,-4000,-4005,4004,4004,-3999,-4005,4004,-4008,-3999,-4005,-4004,-4000,-4004,-4001,-4008,4000,-3999,-4001,4004,4004,-3999,-4005,-4005,-4004,-4001,-4006,4004,-4008,-4004,-4001,-4004,-4004,-4000,-4001,-3997,-3997,-4008,4001,-4001,-4008,-3999,-4008,-4004,-4008,3999,-4008,4004,4004,-3999,-4005,-4001,-4001,-4004,-4001,4004,4004,-3999,-4004,-4001,-4000,-4008,3997,-4004,-4004,-4000,-4005,-4000,-4000,-4008,3997,-4004,-4000,-4004,3997,4004,4000,-4004,4001,-3999,-3999,4003,4004,1.35,1N4AZ0CP1DC421447,72.96,12.96,64599,0,1783,37.25,36.25,35.75,36.25,77.9,80.76,-1,96,1541100568,120,2,0,0,0,0,0,0,0,4,384.24,384.24,78,1,1,1,0080,72,0,0,0,0,0E,20.00,0
11/01/2018 13:29:34,9 56.02787,-84 7.79114,1053,0.0,177,770895,528170,384.38,0.032,4012,3997,4004,15,0,76.8,24.9,75.6,24.2,none,none,75.6,24.2,-4008,3999,-4012,4001,4008,4004,-4004,4001,4004,4004,-4008,4005,-4001,-4001,-4004,-4005,4008,4004,-4004,-4005,4004,-4008,-4004,-4005,-4004,-4004,-4004,-4001,-4008,4004,-4004,-4005,4008,4004,-4004,-4001,-4005,-4008,-4001,-4006,4004,-4008,-4004,-4005,-4004,-4004,-4000,-4005,-3997,-4001,-4008,4001,-4001,-4008,-4004,-4008,-4004,-4008,3999,-4008,4004,4008,-4004,-4005,-4001,-4001,-4004,-4001,4004,4004,-4004,-4008,-4001,-4000,-4008,4001,-4004,-4004,-4004,-4005,-4004,-4000,-4008,4001,-4004,-4000,-4008,4001,4004,4004,-4004,4001,-4004,-3999,4003,4004,1.17,1N4AZ0CP1DC421447,72.96,12.96,64599,0,1783,37.25,36.25,35.75,36.25,77.9,80.76,-1,96,1541100574,0,2,0,0,0,0,0,0,0,4,384.28,384.28,78,1,1,1,0080,72,0,0,0,0,0E,0.00,0
11/01/2018 13:29:39,9 56.02913,-84 7.79068,1053,-3.6,177,770792,528170,384.10,2.070,4008,3997,4001,11,0,76.6,24.8,75.6,24.2,none,none,75.4,24.1,-4008,3999,-4008,3997,4004,4000,-4004,3997,4004,4000,-4004,4001,-4001,-4001,-4000,-4001,4004,4004,-3999,-4001,4000,-4008,-3999,-4005,-4000,-4000,-3999,-4001,-4008,4000,-4004,-4001,4004,4004,-3999,-4001,-4005,-4004,-4001,-4001,4004,4004,-4004,-4005,-4000,-4004,-4000,-4001,-3997,-3997,-4004,3997,-4001,-4004,-4004,-4004,-4004,-4003,3999,-4004,4004,4004,-3999,-4005,-4001,-4001,-4000,-3997,4004,4004,-3999,-4000,-4001,-4000,-4008,3997,-4004,-4004,-4000,-4005,-4000,-4000,-4008,3997,-4004,-4000,-4004,3997,4004,4000,-4004,4001,-4004,-3999,4003,4004,1.17,1N4AZ0CP1DC421447,72.96,12.88,64599,0,1783,37.25,36.25,35.75,36.25,77.9,80.76,-1,96,1541100579,1960,2,0,0,0,0,0,0,0,4,383.76,383.76,38,1,1,1,0080,72,0,0,502,519,0E,13.00,0
11/01/2018 13:29:45,9 56.02913,-84 7.79068,1053,-3.6,177,770568,528170,383.14,14.406,4000,3984,3991,16,0,76.6,24.8,75.7,24.3,none,none,75.6,24.2,-3997,3984,-3996,3991,3993,3989,-3988,3991,3993,3989,-3992,3991,-3990,-3991,-3988,-3991,3993,3994,-3988,-3991,3988,-3998,-3988,-3991,-3988,-3989,-3988,-3986,-3997,3989,-3992,-3991,3993,3993,-3988,-3990,-3994,-3993,-3990,-3990,3997,3997,-3992,-3999,-3993,-3993,-3988,-3990,-3989,-3990,-3994,3986,-3990,-3992,-3993,-3993,-3989,-3992,3988,-3994,3992,3993,-3992,-3994,-3990,-3992,-3992,-3986,3997,3993,-3988,-3997,-3991,-3988,-3997,3986,-3993,-3993,-3989,-3995,-3992,-3989,-4000,3990,-3993,-3990,-3992,3992,3992,3988,-3993,3991,-3991,-3988,3993,3992,1.15,1N4AZ0CP1DC421447,72.96,12.88,64599,0,1783,37.25,36.25,35.75,36.25,77.9,80.76,-1,96,1541100585,3960,2,0,0,0,0,0,0,0,4,383.59,383.59,38,1,1,1,0080,72,0,0,1293,1339,0E,31.75,0
11/01/2018 13:29:50,9 56.02913,-84 7.79068,1053,-3.6,177,770159,528170,381.70,26.100,3986,3969,3976,17,0,76.8,24.9,75.6,24.2,none,none,75.6,24.2,-3982,3975,-3982,3972,3979,3975,-3974,3972,3979,3975,-3978,3977,-3976,-3972,-3974,-3977,3979,3980,-3974,-3977,3974,-3980,-3974,-3981,-3974,-3975,-3974,-3972,-3983,3971,-3978,-3977,3979,3975,-3974,-3977,-3976,-3980,-3976,-3977,3983,3980,-3974,-3977,-3974,-3975,-3970,-3981,-3975,-3972,-3981,3973,-3976,-3979,-3976,-3975,-3977,-3979,3976,-3981,3978,3975,-3974,-3981,-3976,-3971,-3973,-3973,3979,3980,-3974,-3975,-3973,-3971,-3979,3973,-3974,-3975,-3972,-3978,-3978,-3972,-3986,3972,-3974,-3974,-3978,3972,3978,3971,-3980,3969,-3977,-3971,3976,3984,1.27,1N4AZ0CP1DC421447,72.96,12.96,64599,0,1783,37.25,36.25,35.75,36.25,77.9,80.76,-1,96,1541100590,10880,2,0,0,0,0,0,0,0,4,382.24,382.24,38,1,1,1,0080,72,0,0,1536,1590,0E,9.50,0
11/01/2018 13:29:55,9 56.02913,-84 7.79068,1053,-3.6,177,769989,528170,384.19,-1.162,4007,3996,4002,11,0,76.6,24.8,75.6,24.2,none,none,75.6,24.2,-4007,3998,-4007,4000,4007,4003,-4003,4000,4003,4003,-4007,4004,-4000,-4000,-4003,-4004,4003,4003,-4003,-4004,4003,-4007,-4003,-4004,-4003,-3999,-4003,-4000,-4007,3999,-4003,-4004,4003,4003,-4003,-4004,-4004,-4007,-4000,-4000,4007,4007,-4003,-4004,-4003,-4003,-3999,-4000,-4000,-4000,-4007,4000,-4000,-4007,-4003,-4007,-3998,-4007,3998,-4007,4003,4007,-4003,-4004,-4000,-4000,-4003,-3996,4003,4003,-3998,-4003,-4000,-3999,-4007,3996,-4003,-4003,-4003,-4004,-4003,-3999,-4007,4000,-4003,-3999,-4007,3996,4003,3999,-4003,4000,-3998,-3998,4007,4007,1.14,1N4AZ0CP1DC421447,72.95,12.96,64599,0,1783,37.25,36.25,35.75,36.25,77.9,80.76,-1,96,1541100595,480,2,0,0,0,0,0,0,0,4,384.24,384.24,38,1,1,1,0080,72,0,0,1347,1395,0E,-3.50,0
11/01/2018 13:30:02,9 56.02913,-84 7.79068,1053,-3.6,177,769891,528170,384.29,0.843,4012,3999,4003,13,0,76.6,24.8,75.7,24.3,none,none,75.6,24.2,-4008,3999,-4012,4001,4004,4004,-4004,4001,4004,4004,-4008,4005,-4001,-4001,-4004,-4005,4004,4004,-4004,-4005,4004,-4008,-4004,-4005,-4004,-4004,-4004,-4001,-4008,4004,-4004,-4005,4004,4004,-4004,-4005,-4005,-4008,-4001,-4001,4008,4008,-4004,-4005,-4004,-4004,-4000,-4001,-4001,-4001,-4008,4001,-4001,-4008,-4004,-4008,-4004,-4008,3999,-4004,4004,4004,-4004,-4005,-4001,-4001,-4004,-4001,4004,4004,-3999,-4004,-4001,-4000,-4008,4001,-4004,-4004,-4000,-4005,-4004,-4000,-4008,4001,-4004,-4000,-4008,4001,4004,4000,-4004,4001,-4004,-3999,4008,4004,1.68,1N4AZ0CP1DC421447,72.95,12.88,64599,0,1783,37.25,36.25,35.75,36.25,77.9,80.76,-1,96,1541100602,120,2,0,0,0,0,0,0,0,4,384.36,384.36,38,1,1,1,0080,72,0,0,979,1013,0E,-2.50,0
11/01/2018 13:30:09,9 56.02444,-84 7.78793,1059,-3.6,177,769817,528170,384.10,3.062,4008,3995,4001,13,0,76.6,24.8,75.7,24.3,none,none,75.6,24.2,-4004,3995,-4008,3997,4004,4000,-4000,3997,4004,4000,-4004,3997,-4001,-4001,-4000,-4001,4004,4004,-3999,-4001,4000,-4008,-3999,-4001,-4000,-4000,-3999,-4001,-4004,4000,-4004,-4001,4004,4004,-3999,-4001,-4001,-4004,-4001,-4001,4004,4004,-3999,-4005,-4000,-4000,-4000,-4001,-3997,-3997,-4004,3997,-4001,-4004,-4004,-4004,-3999,-4003,3999,-4004,4004,4004,-3999,-4001,-4001,-4001,-4000,-4001,4004,4004,-3999,-4004,-4001,-4000,-4008,4001,-4004,-4004,-4004,-4005,-4004,-4000,-4008,4001,-4004,-4000,-4004,4001,4004,4004,-4004,3997,-4004,-3999,4003,4008,1.14,1N4AZ0CP1DC421447,72.95,12.88,64599,0,1783,37.25,36.25,35.75,36.25,77.9,80.76,-1,96,1541100609,760,2,0,0,0,0,0,0,0,4,384.34,384.34,38,1,1,1,0080,72,0,0,764,791,0E,-0.25,0
11/01/2018 13:30:16,9 56.02455,-84 7.78793,1065,-3.6,177,769714,528170,384.29,1.094,4012,3997,4003,15,0,76.6,24.8,75.7,24.3,none,none,75.6,24.2,-4008,3999,-4012,3997,4008,4004,-4004,4001,4004,4004,-4008,4005,-4001,-4001,-4004,-4005,4004,4004,-3999,-4005,4004,-4008,-3999,-4005,-4004,-4004,-4004,-4001,-4008,4000,-4004,-4005,4004,4004,-4004,-4005,-4005,-4004,-4001,-4001,4008,4008,-4004,-4005,-4004,-4004,-4000,-4001,-4001,-4001,-4008,3997,-4001,-4008,-4004,-4008,-4004,-4008,-4003,-4004,4008,4004,-4004,-4005,-4001,-4001,-4004,-3997,4004,4004,-3999,-4004,-4001,-4000,-4008,4001,-4004,-4004,-4004,-4001,-4004,-4000,-4008,4001,-4004,-4000,-4004,3997,4004,4000,-4004,4001,-4004,-3999,4003,4008,1.41,1N4AZ0CP1DC421447,72.95,12.88,64599,0,1783,37.25,36.25,35.75,36.25,78.8,80.76,-1,96,1541100616,520,2,0,0,0,0,0,0,0,4,384.24,384.24,38,1,1,1,0080,72,0,0,573,593,0E,6.00,0
11/01/2018 13:30:21,9 56.02455,-84 7.78793,1065,-3.6,177,769594,528170,384.29,1.702,4012,3997,4003,15,0,76.8,24.9,75.7,24.3,none,none,75.6,24.2,-4008,3999,-4012,4001,4004,4004,-4004,4001,4004,4004,-4008,4005,-4005,-4001,-4004,-4005,4004,4004,-4004,-4005,4004,-4008,-3999,-4005,-4004,-4000,-4004,-4001,-4008,4000,-4004,-4005,4004,4004,-3999,-4005,-4005,-4004,-4001,-4001,4008,4008,-4004,-4005,-4004,-4004,-4000,-4001,-3997,-4001,-4008,4001,-4001,-4008,-4004,-4008,-4004,-4008,-4003,-4004,4004,4004,-4004,-4005,-4001,-4001,-4004,-3997,4004,4004,-3999,-4008,-4001,-4000,-4008,4001,-4004,-4004,-4004,-4005,-4004,-4000,-4008,4001,-4004,-4000,-4004,3997,4004,4004,-4004,4001,-4004,-3999,4003,4008,1.47,1N4AZ0CP1DC421447,72.95,12.88,64599,0,1783,37.25,36.25,35.75,36.25,78.8,80.76,-1,96,1541100621,520,2,0,0,0,0,0,0,0,4,384.36,384.36,38,1,1,1,0080,72,0,0,307,317,0E,17.00,0
11/01/2018 13:30:27,9 56.02449,-84 7.78793,1065,-3.6,177,769452,528170,384.10,2.805,4008,3995,4001,13,0,76.8,24.9,75.6,24.2,none,none,75.6,24.2,-4008,3995,-4008,3997,4004,4004,-4004,4001,4004,4000,-4004,4001,-4001,-4001,-4000,-4001,4004,4004,-3999,-4001,4000,-4008,-3999,-4005,-4000,-4000,-3999,-4001,-4008,4000,-4004,-4001,4004,4000,-3999,-4001,-4005,-4004,-4001,-4001,4004,4004,-4004,-4005,-4000,-4000,-4000,-4001,-4001,-3997,-4004,3997,-4001,-4004,-4004,-4004,-4004,-4003,-4003,-4000,4004,4004,-3999,-4005,-4001,-4001,-4000,-3997,4004,4004,-3999,-4004,-4001,-4000,-4008,3997,-4004,-4004,-4000,-4005,-4000,-3995,-4008,3997,-4000,-3996,-4004,3998,4004,4000,-4000,3997,-3999,-3995,4004,4004,1.03,1N4AZ0CP1DC421447,72.95,12.96,64599,0,1783,37.25,36.25,35.75,36.25,78.8,80.76,-1,96,1541100627,1680,2,0,0,0,0,0,0,0,4,384.09,384.09,38,1,1,1,0080,72,0,0,694,718,0E,11.50,0
11/01/2018 13:30:42,9 56.02633,-84 7.78610,1064,-3.6,177,769251,528170,384.29,1.830,4012,3997,4003,15,0,76.6,24.8,75.7,24.3,none,none,75.4,24.1,-4008,3999,-4012,3997,4004,4004,-4004,4001,4004,4004,-4008,4001,-4001,-4001,-4004,-4001,4004,4004,-3999,-4005,4004,-4008,-3999,-4001,-4004,-4000,-4004,-4001,-4008,4000,-4004,-4001,4004,4004,-4004,-4005,-4005,-4008,-4001,-4001,4008,4008,-4004,-4005,-4004,-4004,-4000,-4005,-4001,-4001,-4008,4001,-4001,-4008,-4004,-4004,-4004,-4003,3999,-4008,4004,4004,-4004,-4005,-4001,-4001,-4000,-3997,4004,4004,-3999,-4004,-4001,-4000,-4008,4001,-4004,-4004,-4000,-4005,-4004,-4000,-4008,4001,-4004,-4000,-4008,3997,4004,4004,-4004,4001,-4004,-3999,4008,4004,1.59,1N4AZ0CP1DC421447,72.95,12.88,64599,0,1783,37.25,36.25,35.75,36.25,78.8,80.76,-1,96,1541100642,1680,2,0,0,0,0,0,0,0,4,384.30,384.30,38,1,1,1,0080,72,0,0,0,0,0E,25.25,0
11/01/2018 13:30:50,9 56.02633,-84 7.78610,1064,-3.6,177,769002,528170,384.00,3.982,4008,3995,4000,13,0,76.8,24.9,75.7,24.3,none,none,75.6,24.2,-4008,3995,-4008,3997,4004,4000,-4000,3997,4004,4000,-4004,4001,-4001,-3997,-4000,-4001,4004,4004,-3999,-4001,4000,-4004,-3999,-4001,-4000,-4000,-3999,-3997,-4008,4000,-4004,-4001,4000,-4004,-3999,-4001,-4001,-4004,-4001,-4001,4004,4004,-3999,-4001,-4000,-4000,-3995,-4001,-3997,-3997,-4005,3997,-3997,-4004,-4000,-4004,-4000,-4003,4000,-4005,4004,4004,-3999,-4001,-4001,-3998,-4000,-3997,4004,4004,-3995,-4004,-4002,-3995,-4008,3997,-4004,-4000,-4001,-4002,-4000,-3996,-4008,3997,-4000,-3996,-4004,3998,4004,4000,-4005,3998,-3999,-3995,4004,3999,0.99,1N4AZ0CP1DC421447,72.95,12.96,64599,0,1783,37.25,36.25,35.75,36.25,78.8,80.76,-1,96,1541100650,2520,2,0,0,0,0,0,0,0,4,383.92,383.92,38,1,1,1,0080,72,0,0,1030,1066,0E,-1.25,0
11/01/2018 13:31:00,9 56.02690,-84 7.78564,1064,-3.6,177,768607,528170,384.10,2.694,4008,3991,4001,17,0,76.8,24.9,75.7,24.3,none,none,75.6,24.2,-4000,3991,-4004,3993,4004,4004,-4004,4001,4004,4000,-4004,4001,-4001,-4001,-4000,-4001,4004,4004,-3999,-4001,4000,-4004,-3999,-4005,-4000,-4000,-4004,-4001,-4008,4000,-4004,-4001,4004,4004,-3999,-4001,-4005,-4004,-4001,-4001,4004,4004,-4004,-4001,-4004,-4004,-4000,-4001,-4001,-3997,-4008,3997,-4001,-4004,-4004,-4004,-4004,-4003,3994,-4004,4004,4004,-3999,-4001,-4001,-4001,-4000,-3997,4004,4000,-3999,-4004,-4001,-4000,-4008,3997,-4004,-4004,-4000,-4005,-4000,-4000,-4008,4001,-4000,-4000,-4004,3997,4004,4000,-4004,3997,-4004,-3999,4003,4004,1.28,1N4AZ0CP1DC421447,72.95,12.88,64599,0,1783,37.25,36.25,35.75,36.25,79.7,80.76,-1,96,1541100660,920,2,0,0,0,0,0,0,0,4,384.20,384.20,38,1,1,1,0080,72,0,0,1383,1432,0E,18.75,0
11/01/2018 13:31:12,9 56.02741,-84 7.78519,1064,-3.6,176,768264,528170,383.71,6.353,4008,3990,3997,18,0,76.8,24.9,75.7,24.3,none,none,75.6,24.2,-4004,3995,-4008,3997,4004,4000,-4000,3997,4004,4000,-4004,4001,-4001,-3997,-4000,-4001,4004,4000,-3995,-4001,4000,-4004,-3995,-4001,-4000,-4000,-3999,-3997,-4001,3993,-3996,-3999,3996,3997,-3991,-3999,-3998,-4002,-3993,-3995,4001,4002,-3996,-3999,-3996,-3997,-3992,-3999,-3993,-3990,-4002,3995,-3993,-3997,-3997,-3997,-3997,-3996,3992,-3997,3996,4002,-3996,-3999,-3998,-3991,-3992,-3990,4001,4002,-3991,-3997,-3994,-3993,-4001,3990,-3996,-3993,-3993,-3999,-3996,-3993,-4000,3994,-3992,-3994,-3996,3991,3992,-4002,-3992,-3994,-3996,-3992,4001,3997,1.25,1N4AZ0CP1DC421447,72.95,12.88,64599,0,1783,37.25,36.25,35.75,36.25,79.7,80.76,-1,96,1541100672,3160,2,0,0,0,0,0,0,0,4,383.70,383.70,38,1,1,1,0080,72,0,0,1003,1038,0E,-4.25,0
11/01/2018 13:31:22,9 56.01208,-84 7.76413,1064,-3.6,176,768053,528170,384.29,-0.981,4011,3996,4003,15,0,76.8,24.9,75.7,24.3,none,none,75.6,24.2,-4007,4003,-4011,4000,4007,4003,-4003,4000,4007,4003,-4007,4004,-4000,-4000,-4003,-4004,4007,4007,-4003,-4004,4003,-4007,-4003,-4004,-4003,-4003,-4003,-4000,-4007,4003,-4007,-4004,4007,4007,-4003,-4004,-4004,-4007,-4004,-4005,4007,4007,-4003,-4009,-4003,-4003,-3999,-4000,-4000,-3996,-4007,4000,-4000,-4007,-4007,-4007,-4003,-4007,3998,-4007,4003,4007,-4003,-4004,-4004,-4000,-4003,-4000,4007,4007,-4003,-4007,-4000,-3999,-4007,4000,-4003,-4003,-4003,-4004,-4003,-3999,-4011,4000,-4003,-3999,-4007,4000,3999,-4007,-3998,-4004,-4003,-3998,4007,4007,1.16,1N4AZ0CP1DC421447,72.95,12.96,64599,0,1783,37.25,36.25,35.75,36.25,79.7,80.76,-1,95,1541100682,280,2,0,0,0,0,0,0,0,4,384.33,384.33,38,1,1,1,0080,72,0,0,1070,1108,0E,-4.00,0
11/01/2018 13:31:30,9 56.07845,-84 7.78381,1064,-3.6,176,767891,528170,384.29,-1.001,4012,3996,4003,16,0,76.8,24.9,75.7,24.3,none,none,75.6,24.2,-4007,3998,-4011,4000,4007,4003,-4003,4000,4007,4003,-4007,4004,-4004,-4000,-4003,-4004,4007,4003,-4003,-4004,4003,-4007,-4003,-4004,-4003,-4003,-4003,-4000,-4007,4003,-4003,-4004,4007,4003,-4003,-4004,-4004,-4007,-4004,-4005,4007,4007,-4003,-4004,-4003,-4003,-3999,-4004,-4000,-3996,-4007,4000,-4004,-4007,-4007,-4007,-3998,-4007,4002,-4007,4003,4007,-4003,-4004,-4004,-4000,-4003,-4000,4007,4007,-4003,-4007,-4004,-3999,-4012,4000,-4007,-4003,-4003,-4004,-4003,-3999,-4007,3996,-4003,-3999,-4007,4000,4007,3999,-4007,4000,-4003,-3998,4007,4007,1.27,1N4AZ0CP1DC421447,72.95,12.96,64599,0,1783,37.25,36.25,35.75,36.25,79.7,80.76,-1,95,1541100690,0,2,0,0,0,0,0,0,0,4,384.39,384.39,38,1,1,1,0080,72,0,0,0,0,0E,15.75,0
11/01/2018 13:31:39,9 56.07845,-84 7.78381,1064,-3.6,176,767709,528170,384.10,2.345,4008,3994,4001,14,0,76.8,24.9,75.7,24.3,none,none,75.6,24.2,-4004,3995,-4008,3997,4000,4000,-4000,3997,4004,4000,-4004,4001,-4001,-3997,-4000,-4001,4004,4004,-3999,-4001,4000,-4004,-3999,-4005,-4000,-4000,-3999,-4001,-4008,4000,-4004,-4001,4004,4004,-3999,-4001,-4005,-4004,-4001,-4001,4004,4004,-3999,-4005,-4000,-4000,-4000,-4001,-4001,-4001,-4000,-4001,-4001,-4004,-4004,-4004,-3999,-4003,3994,-4004,4004,4004,-3999,-4001,-4001,-4002,-4000,-3997,4004,4000,-3999,-4004,-4001,-3995,-4008,3997,-4004,-4000,-4000,-4005,-4000,-3995,-4008,3997,-4000,-3996,-4000,3998,4004,4000,-4004,3997,-3999,-3995,3999,4004,1.39,1N4AZ0CP1DC421447,72.95,12.96,64599,0,1783,37.25,36.25,35.75,36.25,79.7,80.76,-1,95,1541100699,640,2,0,0,0,0,0,0,0,4,384.23,384.23,38,1,1,1,0080,72,0,0,1010,1046,0E,-2.50,0
11/01/2018 13:31:56,9 56.06443,-84 7.76550,1064,-3.6,176,767273,528170,384.10,2.291,4008,3995,4001,13,0,76.8,24.9,75.7,24.3,none,none,75.6,24.2,-4004,3999,-4008,4001,4004,4004,-4004,4001,4004,4000,-4004,4001,-4001,-4001,-4000,-4001,4004,4004,-3999,-4001,4000,-4008,-3999,-4005,-4000,-4000,-4004,-4001,-4008,4000,-4004,-4001,4004,4004,-3999,-4001,-4005,-4004,-4001,-4001,4004,4004,-4004,-4005,-4004,-4000,-4000,-4001,-3997,-3997,-4008,3997,-4001,-4004,-4004,-4004,-3999,-4003,3999,-4004,4004,4004,-3999,-4001,-4001,-4001,-4000,-3997,4004,4004,-3999,-4004,-4001,-4000,-4008,3997,-4000,-4000,-4000,-4001,-4000,-4000,-4004,3997,-4000,-4000,-4004,3998,4004,4000,-4004,3997,-3999,-3995,4003,4004,0.92,1N4AZ0CP1DC421447,72.95,12.88,64599,0,1783,37.25,36.25,35.75,36.25,79.7,80.76,-1,95,1541100716,1560,2,0,0,0,0,0,0,0,4,384.12,384.12,38,1,1,1,0080,72,0,0,0,0,0E,-23.50,0
11/01/2018 13:33:02,9 56.04864,-84 7.77008,1064,0.0,176,766973,528170,384.29,-0.060,4012,3998,4003,14,0,76.8,24.9,75.7,24.3,none,none,75.6,24.2,-4007,4003,-4011,4000,4003,4003,-4003,4000,4007,4003,-4007,4004,-4004,-4000,-4003,-4004,4007,4003,-4003,-4004,4003,-4007,-4003,-4004,-4003,-4003,-4003,-4000,-4007,4003,-4003,-4004,4007,4003,-4003,-4004,-4004,-4007,-4004,-4005,4007,4007,-4003,-4009,-4003,-4003,-3999,-4004,-4000,-4000,-4007,4000,-4004,-4007,-4007,-4007,-4003,-4007,3998,-4007,4003,4007,-4003,-4004,-4004,-4000,-4003,-4000,4007,4007,-4003,-4007,-4004,-3999,-4012,4000,-4003,-4003,-4003,-4004,-4003,-3999,-4011,4000,-4003,-3999,-4007,4000,4007,4003,-4007,4000,-4003,-3998,4007,4007,1.27,1N4AZ0CP1DC421447,72.95,12.88,64599,0,1783,37.25,36.25,35.75,36.25,79.7,80.76,-1,95,1541100782,0,2,0,0,0,0,0,0,0,2,384.34,384.34,38,1,1,1,0080,72,0,0,0,0,0E,0.00,0
11/01/2018 21:33:15,9 54.70367,-84 8.42514,1180,17.4,87,446419,526993,367.78,30.158,3840,3820,3831,20,0,79.9,26.6,79.9,26.6,none,none,79.0,26.1,-3839,3826,-3835,3828,3836,3831,-3836,3824,3836,3831,-3835,3828,-3833,-3824,-3831,-3828,3836,3836,-3831,-3828,3831,-3836,-3831,-3828,-3831,-3831,-3831,-3828,-3840,3831,-3831,-3828,3836,3831,-3831,-3828,-3833,-3831,-3828,-3829,3836,3831,-3831,-3833,-3831,-3827,-3831,-3828,-3827,-3828,-3838,3829,-3828,-3831,-3833,-3827,-3828,-3826,3828,-3832,3830,3836,-3835,-3828,-3833,-3827,-3835,-3829,3836,3836,-3831,-3836,-3830,-3827,-3840,3824,-3831,-3827,-3829,-3825,-3830,-3828,-3839,3828,-3831,-3830,-3835,3828,3835,3827,-3837,3820,-3834,-3826,3837,3831,0.92,1N4AZ0CP1DC421447,72.75,12.88,64626,0,1783,38,37.25,37.5,38,68.9,80.58,0,32,1541129595,6760,3,0,0,0,0,0,0,0,7,368.33,368.33,78,1,1,1,0080,97,0,0,1730,1791,0E,122.00,0
11/01/2018 21:33:22,9 54.70957,-84 8.40179,1171,16.9,86,445275,526993,367.20,3.853,3862,3809,3825,53,0,80.1,26.7,79.7,26.5,none,none,79.0,26.1,-3858,3848,-3862,3850,3859,3858,-3859,3850,3859,3858,-3858,3850,-3851,-3855,-3854,-3850,3823,3824,-3818,-3817,3814,-3824,-3818,-3817,-3819,-3820,-3818,-3817,-3828,3820,-3823,-3812,3823,3824,-3818,-3817,-3825,-3820,-3820,-3817,3828,3824,-3818,-3817,-3814,-3820,-3814,-3821,-3819,-3817,-3822,3813,-3816,-3819,-3821,-3820,-3817,-3815,3817,-3825,3822,3824,-3818,-3812,-3820,-3816,-3818,-3813,3819,3824,-3823,-3811,-3814,-3815,-3828,3817,-3819,-3815,-3822,-3818,-3818,-3816,-3831,3821,-3823,-3819,-3827,3816,3822,3820,-3826,3809,-3822,-3819,3821,3824,0.98,1N4AZ0CP1DC421447,72.75,12.88,64626,0,1783,38,37.25,37.5,38,68.9,80.58,0,32,1541129602,10520,3,0,0,0,0,0,0,0,7,365.90,365.90,78,1,1,1,0080,97,0,0,1638,1696,0E,3.00,0
11/01/2018 21:33:28,9 54.71460,-84 8.37616,1169,34.1,86,444651,526993,366.14,45.810,3827,3802,3814,25,0,79.9,26.6,79.9,26.6,none,none,79.0,26.1,-3818,3813,-3820,3810,3821,3817,-3816,3810,3816,3813,-3816,3810,-3813,-3810,-3812,-3814,3816,3817,-3812,-3810,3816,-3817,-3812,-3819,-3816,-3813,-3816,-3814,-3821,3813,-3816,-3810,3816,3817,-3812,-3814,-3818,-3817,-3813,-3810,3816,3817,-3812,-3814,-3816,-3809,-3816,-3810,-3811,-3810,-3819,3810,-3809,-3813,-3819,-3817,-3811,-3812,3810,-3818,3814,3817,-3816,-3810,-3813,-3814,-3814,-3810,3816,3813,-3816,-3817,-3812,-3809,-3825,3806,-3812,-3813,-3815,-3815,-3814,-3810,-3827,3810,-3816,-3813,-3823,3802,3819,3813,-3823,3807,-3814,-3813,3823,3817,0.61,1N4AZ0CP1DC421447,72.75,12.96,64626,0,1783,38,37.25,37.5,38,68.9,80.58,0,32,1541129608,17600,3,0,0,0,0,0,0,0,7,365.68,365.68,78,1,1,1,0080,96,0,0,3352,3471,0E,4.75,0
11/01/2018 21:33:36,9 54.70963,-84 8.35831,1167,15.9,86,444806,526993,371.52,-37.854,3885,3858,3870,27,0,79.9,26.6,79.9,26.6,none,none,79.0,26.1,-3882,3871,-3880,3873,3880,3876,-3876,3873,3880,3876,-3876,3877,-3873,-3873,-3876,-3877,3876,3880,-3871,-3877,3872,-3885,-3871,-3873,-3876,-3876,-3871,-3873,-3885,3876,-3871,-3877,3876,3880,-3871,-3877,-3877,-3880,-3873,-3873,3876,3885,-3876,-3873,-3872,-3876,-3867,-3873,-3875,-3873,-3878,3873,-3873,-3876,-3874,-3880,-3860,-3860,3859,-3866,3862,3866,-3862,-3863,-3864,-3861,-3862,-3859,3867,3866,-3862,-3866,-3862,-3861,-3871,3859,-3862,-3861,-3860,-3863,-3862,-3861,-3875,3858,-3862,-3864,-3867,3861,3867,3861,-3864,3858,-3862,-3865,3868,3861,0.45,1N4AZ0CP1DC421447,72.75,12.96,64626,0,1783,38.25,37.25,37.5,38,68.9,80.58,-3,32,1541129616,0,3,0,0,0,0,0,0,0,7,370.87,370.87,78,1,1,1,0080,96,0,0,1689,1749,0E,133.75,0
11/01/2018 21:33:44,9 54.68760,-84 8.35098,1171,22.9,86,443678,526993,368.16,18.173,3844,3827,3835,17,0,80.1,26.7,79.9,26.6,none,none,79.0,26.1,-3841,3833,-3842,3831,3843,3838,-3838,3831,3843,3838,-3842,3835,-3831,-3835,-3834,-3835,3838,3838,-3838,-3835,3834,-3843,-3838,-3835,-3838,-3838,-3838,-3835,-3838,3838,-3838,-3835,3838,3838,-3833,-3835,-3840,-3838,-3835,-3831,3838,3839,-3833,-3832,-3834,-3830,-3834,-3827,-3831,-3832,-3840,3832,-3831,-3834,-3835,-3835,-3831,-3834,3830,-3836,3834,3839,-3833,-3836,-3835,-3834,-3834,-3828,3838,3839,-3838,-3830,-3833,-3830,-3838,3828,-3834,-3835,-3836,-3833,-3834,-3836,-3842,3836,-3834,-3832,-3838,3829,3838,3835,-3844,3828,-3838,-3834,3839,3843,0.98,1N4AZ0CP1DC421447,72.75,12.88,64626,0,1783,38.25,37.25,37.5,38,68.9,80.58,-3,32,1541129624,9120,3,0,0,0,0,0,0,0,7,368.12,368.12,78,1,1,1,0080,96,0,0,2248,2328,0E,99.75,0
11/01/2018 21:33:52,9 54.67060,-84 8.30887,1171,54.7,86,441157,526993,361.63,107.661,3786,3748,3767,38,0,79.9,26.6,79.9,26.6,none,none,79.0,26.1,-3766,3759,-3770,3761,3771,3764,-3775,3756,3771,3764,-3770,3756,-3768,-3761,-3762,-3765,3771,3768,-3761,-3765,3762,-3777,-3766,-3761,-3771,-3764,-3770,-3765,-3780,3768,-3766,-3765,3775,3764,-3766,-3765,-3772,-3768,-3768,-3766,3775,3773,-3770,-3756,-3766,-3764,-3762,-3770,-3764,-3761,-3773,3761,-3763,-3763,-3768,-3768,-3761,-3763,3763,-3768,3771,3773,-3770,-3756,-3768,-3767,-3767,-3757,3771,3773,-3779,-3755,-3762,-3764,-3780,3766,-3766,-3764,-3773,-3769,-3767,-3768,-3775,3774,-3775,-3757,-3784,3748,3771,3768,-3768,3778,-3766,-3759,3786,3763,0.58,1N4AZ0CP1DC421447,72.75,12.96,64626,0,1783,38.25,37.25,37.5,38,68.9,80.58,-3,32,1541129632,37320,3,0,0,0,0,0,0,0,7,363.95,363.95,78,1,1,1,0080,97,0,0,5611,5811,0E,132.75,0
11/01/2018 21:33:59,9 54.64096,-84 8.26447,1174,47.8,84,438372,526993,368.26,13.081,3868,3828,3836,40,0,80.1,26.7,79.9,26.6,none,none,79.2,26.2,-3839,3830,-3839,3832,3840,3835,-3835,3828,3835,3835,-3839,3832,-3832,-3832,-3831,-3832,3835,3835,-3830,-3828,3831,-3840,-3830,-3832,-3835,-3835,-3835,-3832,-3840,3835,-3835,-3832,3835,3835,-3835,-3832,-3837,-3835,-3832,-3833,3840,3835,-3835,-3832,-3835,-3831,-3831,-3832,-3832,-3832,-3840,3828,-3832,-3835,-3835,-3835,-3831,-3834,3830,-3835,3835,3835,-3835,-3832,-3832,-3833,-3835,-3828,3835,3835,-3835,-3835,-3832,-3831,-3840,3828,-3835,-3835,-3831,-3832,-3835,-3831,-3844,3832,-3835,-3832,-3840,3829,3868,3862,-3868,3852,-3863,-3861,3868,3861,0.86,1N4AZ0CP1DC421447,72.75,12.88,64626,0,1783,38.25,37.25,37.5,38,68.9,80.58,-3,32,1541129639,0,3,0,0,0,0,0,0,0,7,370.75,370.75,78,1,1,1,0080,97,0,0,4691,4858,0E,47.00,0
11/01/2018 21:34:05,9 54.59822,-84 8.25119,1178,48.5,84,436209,526993,362.98,92.070,3795,3751,3781,44,0,80.1,26.7,79.9,26.6,none,none,79.2,26.2,-3765,3758,-3769,3751,3770,3758,-3765,3751,3790,3782,-3785,3779,-3783,-3779,-3781,-3779,3786,3787,-3781,-3779,3781,-3787,-3781,-3779,-3786,-3782,-3785,-3779,-3795,3782,-3785,-3775,3786,3782,-3781,-3779,-3787,-3782,-3783,-3780,3786,3787,-3785,-3779,-3781,-3782,-3777,-3788,-3780,-3779,-3785,3775,-3783,-3782,-3785,-3782,-3783,-3782,3780,-3785,3783,3782,-3781,-3788,-3783,-3782,-3783,-3775,3786,3782,-3790,-3778,-3779,-3782,-3795,3780,-3781,-3778,-3781,-3778,-3783,-3781,-3791,3775,-3781,-3785,-3787,3784,3783,3787,-3785,3787,-3782,-3782,3785,3791,0.55,1N4AZ0CP1DC421447,72.75,12.96,64626,0,1783,38.25,37.25,37.5,38,68.9,80.58,-3,32,1541129645,23600,3,0,0,0,0,0,0,0,7,364.45,364.45,78,1,1,1,0080,97,0,0,4997,5175,0E,91.50,0
11/01/2018 21:34:17,9 54.53716,-84 8.23105,1186,24.8,83,434464,526993,369.89,-27.389,3862,3844,3853,18,0,80.1,26.7,79.9,26.6,none,none,79.0,26.1,-3857,3846,-3856,3848,3857,3856,-3852,3848,3857,3856,-3856,3848,-3854,-3848,-3852,-3848,3857,3856,-3847,-3853,3852,-3860,-3847,-3853,-3852,-3851,-3847,-3848,-3860,3855,-3855,-3852,3856,3855,-3851,-3856,-3857,-3855,-3853,-3852,3856,3855,-3846,-3856,-3856,-3850,-3851,-3852,-3854,-3852,-3858,3848,-3848,-3854,-3853,-3855,-3853,-3849,3848,-3854,3852,3855,-3851,-3856,-3853,-3854,-3852,-3848,3856,3859,-3851,-3855,-3855,-3850,-3860,3852,-3856,-3850,-3854,-3855,-3852,-3849,-3861,3852,-3856,-3853,-3857,3844,3857,3855,-3853,3846,-3856,-3850,3862,3854,0.49,1N4AZ0CP1DC421447,72.75,12.88,64626,0,1783,38.25,37.25,37.5,38,68.9,80.58,-3,32,1541129657,0,3,0,0,0,0,0,0,0,7,370.05,370.05,78,1,1,1,0080,97,0,0,2479,2567,0E,59.00,0
11/01/2018 21:34:25,9 54.50523,-84 8.18939,1193,45.9,83,430718,526993,355.97,127.064,3722,3697,3708,25,0,80.1,26.7,79.9,26.6,none,none,79.0,26.1,-3713,3704,-3708,3697,3718,3709,-3710,3702,3714,3709,-3714,3702,-3711,-3702,-3705,-3706,3714,3714,-3705,-3706,3705,-3714,-3700,-3711,-3705,-3700,-3714,-3702,-3714,3709,-3709,-3697,3714,3709,-3705,-3706,-3711,-3709,-3711,-3707,3714,3705,-3705,-3702,-3710,-3709,-3705,-3706,-3706,-3697,-3721,3702,-3702,-3709,-3711,-3705,-3702,-3698,3710,-3711,3713,3709,-3709,-3702,-3707,-3705,-3705,-3702,3718,3705,-3714,-3722,-3706,-3700,-3718,3702,-3710,-3705,-3716,-3712,-3709,-3702,-3722,3702,-3710,-3708,-3722,3709,3713,3705,-3720,3721,-3713,-3700,3719,3722,0.92,1N4AZ0CP1DC421447,72.75,12.88,64626,0,1783,38.25,37.25,37.5,38,68.9,80.58,-3,31,1541129665,59480,3,0,0,0,0,0,0,0,7,352.73,352.73,78,1,1,1,0080,97,0,0,4435,4593,0E,14.75,0
11/01/2018 21:34:31,9 54.45963,-84 8.17337,1200,51.9,81,426681,526993,350.11,216.699,3672,3629,3647,43,0,80.2,26.8,80.1,26.7,none,none,79.0,26.1,-3653,3645,-3661,3629,3662,3650,-3649,3633,3658,3645,-3658,3629,-3651,-3633,-3649,-3651,3654,3654,-3644,-3651,3631,-3659,-3644,-3651,-3654,-3645,-3653,-3642,-3658,3650,-3653,-3638,3654,3641,-3644,-3642,-3651,-3650,-3651,-3639,3654,3641,-3649,-3647,-3645,-3632,-3654,-3642,-3646,-3642,-3652,3635,-3646,-3640,-3656,-3654,-3643,-3634,3645,-3654,3653,3645,-3653,-3633,-3651,-3645,-3653,-3644,3649,3654,-3658,-3654,-3633,-3645,-3662,3639,-3649,-3641,-3652,-3647,-3649,-3650,-3666,3638,-3654,-3652,-3653,3646,3649,3650,-3660,3647,-3649,-3631,3672,3658,0.79,1N4AZ0CP1DC421447,72.76,12.88,64626,0,1783,38.25,37,37.25,38,68.9,80.58,-3,31,1541129671,80000,3,0,0,0,0,0,0,0,7,350.92,350.92,78,1,1,1,0080,97,0,0,5612,5812,0E,-44.25,0
11/01/2018 21:34:44,9 54.40899,-84 8.13950,1212,39.5,81,425309,526993,362.88,46.986,3794,3768,3780,26,0,80.2,26.8,80.1,26.7,none,none,79.2,26.2,-3785,3779,-3786,3776,3787,3784,-3783,3772,3787,3779,-3782,3776,-3780,-3776,-3778,-3781,3783,3784,-3778,-3781,3778,-3784,-3778,-3785,-3783,-3779,-3782,-3776,-3787,3779,-3782,-3772,3787,3784,-3778,-3776,-3784,-3779,-3780,-3777,3787,3784,-3778,-3776,-3783,-3775,-3783,-3772,-3778,-3776,-3786,3772,-3775,-3779,-3785,-3779,-3779,-3779,3776,-3781,3781,3779,-3778,-3781,-3780,-3778,-3781,-3777,3783,3784,-3782,-3779,-3779,-3779,-3787,3777,-3778,-3779,-3777,-3778,-3781,-3777,-3794,3768,-3783,-3781,-3781,3783,3781,3779,-3785,3778,-3780,-3775,3794,3779,0.94,1N4AZ0CP1DC421447,72.77,12.88,64627,0,1783,38,37,37.25,38,68.9,80.58,-3,31,1541129684,18800,3,0,0,0,0,0,0,0,7,361.77,361.77,78,1,1,1,0080,98,0,0,3868,4006,0E,95.25,0
11/01/2018 21:34:49,9 54.40367,-84 8.11432,1213,35.8,80,424514,526993,367.01,4.551,3838,3802,3823,36,0,80.2,26.8,80.1,26.7,none,none,79.2,26.2,-3811,3804,-3812,3802,3812,3809,-3808,3802,3812,3805,-3812,3802,-3805,-3802,-3804,-3802,3812,3809,-3803,-3806,3804,-3813,-3803,-3806,-3829,-3828,-3833,-3825,-3833,3828,-3828,-3829,3833,3832,-3828,-3829,-3830,-3832,-3830,-3825,3833,3832,-3828,-3829,-3829,-3828,-3824,-3829,-3830,-3825,-3832,3825,-3826,-3832,-3832,-3828,-3827,-3827,3827,-3828,3829,3832,-3828,-3829,-3830,-3828,-3829,-3821,3833,3832,-3828,-3832,-3829,-3828,-3838,3825,-3829,-3828,-3828,-3829,-3829,-3828,-3837,3825,-3829,-3827,-3833,3824,3833,3828,-3836,3825,-3833,-3827,3836,3832,0.55,1N4AZ0CP1DC421447,72.78,12.96,64627,0,1783,38,37,37.25,38,68.0,80.58,-3,31,1541129689,3000,3,0,0,0,0,0,0,0,7,366.24,366.24,78,1,1,1,0080,98,0,0,3547,3673,0E,36.50,0
11/01/2018 21:34:55,9 54.41031,-84 8.08273,1213,31.7,80,424356,526993,368.26,-16.377,3845,3828,3836,17,0,80.1,26.7,80.1,26.7,none,none,79.2,26.2,-3841,3835,-3839,3833,3840,3836,-3840,3828,3840,3840,-3840,3833,-3833,-3833,-3836,-3833,3840,3840,-3835,-3833,3836,-3844,-3831,-3837,-3836,-3836,-3835,-3833,-3840,3836,-3835,-3837,3840,3840,-3835,-3837,-3837,-3840,-3833,-3833,3840,3840,-3835,-3837,-3836,-3836,-3836,-3833,-3834,-3833,-3839,3833,-3833,-3840,-3839,-3836,-3830,-3835,3834,-3835,3837,3840,-3835,-3833,-3837,-3835,-3837,-3829,3840,3840,-3840,-3836,-3836,-3831,-3844,3829,-3836,-3836,-3835,-3836,-3837,-3835,-3845,3837,-3836,-3834,-3841,3831,3841,3836,-3843,3832,-3836,-3835,3843,3840,0.49,1N4AZ0CP1DC421447,72.78,12.96,64627,0,1783,38,37,37.25,38,68.0,80.58,-3,31,1541129695,0,3,0,0,0,0,0,0,0,7,368.29,368.29,78,1,1,1,0080,98,0,0,3042,3150,0E,30.50,0
11/01/2018 21:35:01,9 54.42553,-84 8.06213,1212,23.1,80,424205,526993,367.39,1.315,3838,3820,3827,18,0,80.2,26.8,80.1,26.7,none,none,79.2,26.2,-3838,3825,-3838,3827,3834,3830,-3834,3827,3834,3834,-3834,3827,-3831,-3827,-3830,-3827,3834,3834,-3829,-3831,3825,-3834,-3825,-3831,-3830,-3830,-3829,-3827,-3832,3823,-3827,-3824,3832,3832,-3827,-3829,-3829,-3827,-3824,-3825,3832,3832,-3827,-3829,-3827,-3823,-3823,-3824,-3823,-3824,-3832,3820,-3824,-3827,-3831,-3827,-3822,-3822,3822,-3827,3826,3827,-3827,-3829,-3824,-3824,-3826,-3820,3827,3832,-3827,-3827,-3824,-3823,-3836,3820,-3827,-3827,-3827,-3824,-3826,-3823,-3835,3824,-3827,-3823,-3831,3820,3831,3827,-3831,3824,-3826,-3827,3831,3827,0.58,1N4AZ0CP1DC421447,72.78,12.96,64627,0,1783,38,37,37.25,38,68.0,80.58,-3,31,1541129701,2200,3,0,0,0,0,0,0,0,7,366.92,366.92,78,1,1,1,0080,98,0,0,2429,2515,0E,-6.00,0
11/01/2018 21:35:12,9 54.43130,-84 8.04749,1217,2.8,80,424309,526993,368.26,0.000,3847,3830,3836,17,0,80.2,26.8,80.2,26.8,none,none,79.2,26.2,-3843,3834,-3842,3831,3839,3839,-3839,3831,3839,3839,-3838,3831,-3836,-3831,-3834,-3831,3839,3839,-3834,-3836,3834,-3843,-3834,-3836,-3834,-3834,-3838,-3831,-3843,3834,-3838,-3831,3839,3839,-3834,-3836,-3839,-3838,-3835,-3835,3838,3838,-3833,-3835,-3838,-3838,-3833,-3835,-3836,-3835,-3842,3831,-3835,-3837,-3837,-3833,-3833,-3837,3832,-3833,3839,3838,-3833,-3835,-3835,-3835,-3834,-3831,3838,3838,-3837,-3833,-3835,-3833,-3842,3831,-3838,-3838,-3833,-3835,-3839,-3833,-3847,3830,-3838,-3833,-3843,3830,3843,3838,-3842,3830,-3838,-3837,3841,3837,0.88,1N4AZ0CP1DC421447,72.78,12.88,64627,0,1783,38,37,37.25,38,68.0,80.58,-5,31,1541129712,0,3,0,0,0,0,0,0,0,7,368.28,368.28,78,1,1,1,0080,98,0,0,2429,2515,0E,-6.00,0
11/01/2018 21:35:18,9 54.43016,-84 8.04749,1217,1.2,80,424197,526993,368.06,6.869,3844,3828,3834,16,0,80.2,26.8,80.2,26.8,none,none,79.2,26.2,-3839,3835,-3843,3828,3840,3835,-3835,3828,3840,3835,-3839,3832,-3832,-3832,-3835,-3832,3840,3840,-3835,-3832,3831,-3840,-3830,-3832,-3835,-3835,-3835,-3832,-3840,3835,-3835,-3832,3835,3835,-3830,-3832,-3837,-3835,-3832,-3833,-3840,3835,-3835,-3832,-3835,-3831,-3835,-3832,-3832,-3832,-3836,3828,-3832,-3835,-3836,-3835,-3831,-3830,3831,-3836,3835,3835,-3835,-3832,-3832,-3833,-3835,-3828,3835,3835,-3835,-3835,-3833,-3831,-3840,3828,-3835,-3835,-3836,-3833,-3835,-3832,-3844,3828,-3835,-3832,-3840,3829,3840,3835,-3840,3833,-3835,-3835,3844,3835,0.93,1N4AZ0CP1DC421447,72.78,12.88,64627,0,1783,38,37,37.25,38,68.0,80.58,-5,31,1541129718,0,3,0,0,0,0,0,0,0,7,368.33,368.33,78,1,1,1,0080,97,0,0,0,0,0E,57.25,0
11/01/2018 21:35:31,9 54.41500,-84 8.04565,1216,4.4,80,423431,526993,367.78,12.144,3840,3822,3831,18,0,80.2,26.8,80.2,26.8,none,none,79.2,26.2,-3836,3828,-3835,3825,3836,3833,-3832,3825,3836,3833,-3836,3830,-3829,-3830,-3827,-3830,3836,3837,-3827,-3830,3827,-3837,-3827,-3830,-3832,-3833,-3831,-3830,-3836,3833,-3831,-3830,3836,3833,-3827,-3830,-3833,-3833,-3833,-3830,-3836,3833,-3831,-3830,-3832,-3833,-3827,-3830,-3829,-3830,-3837,3826,-3829,-3832,-3832,-3833,-3828,-3827,3827,-3833,3832,3837,-3831,-3830,-3829,-3831,-3832,-3826,3832,3837,-3831,-3833,-3830,-3828,-3836,3826,-3832,-3828,-3828,-3830,-3832,-3828,-3840,3825,-3832,-3829,-3836,3822,3836,3833,-3837,3825,-3831,-3832,3836,3832,0.60,1N4AZ0CP1DC421447,72.78,12.88,64627,0,1783,38,37,37.25,38,68.0,80.58,-5,31,1541129731,3120,3,0,0,0,0,0,0,0,7,367.50,367.50,78,1,1,1,0080,96,0,0,358,370,0E,-1.00,0
11/01/2018 21:35:42,9 54.41374,-84 8.04611,1216,0.0,80,423355,526993,368.54,0.000,3848,3832,3839,16,0,80.2,26.8,80.2,26.8,none,none,79.3,26.3,-3844,3839,-3848,3837,3844,3840,-3844,3837,3844,3840,-3844,3837,-3837,-3837,-3840,-3837,3844,3844,-3839,-3837,3835,-3844,-3839,-3837,-3840,-3840,-3839,-3837,-3844,3840,-3839,-3837,3844,3844,-3839,-3841,-3841,-3840,-3841,-3837,3844,3844,-3839,-3837,-3840,-3840,-3840,-3837,-3837,-3837,-3844,3837,-3837,-3839,-3844,-3840,-3839,-3839,3839,-3844,3840,3844,-3839,-3837,-3837,-3837,-3840,-3833,3844,3844,-3839,-3840,-3841,-3835,-3848,3833,-3840,-3840,-3840,-3837,-3840,-3835,-3848,3837,-3840,-3840,-3844,3832,3844,3840,-3844,3832,-3839,-3839,3843,3844,0.78,1N4AZ0CP1DC421447,72.78,12.96,64627,0,1783,38,37,37.25,38,68.0,80.58,-5,31,1541129742,0,3,0,0,0,0,0,0,0,1,368.61,368.61,78,1,1,1,0080,96,0,0,358,370,0E,-1.00,0
